--
-- PostgreSQL database dump
--

-- Dumped from database version 16.3
-- Dumped by pg_dump version 16.3

SET statement_timeout = 0;
SET lock_timeout = 0;
SET idle_in_transaction_session_timeout = 0;
SET client_encoding = 'UTF8';
SET standard_conforming_strings = on;
SELECT pg_catalog.set_config('search_path', '', false);
SET check_function_bodies = false;
SET xmloption = content;
SET client_min_messages = warning;
SET row_security = off;

SET default_tablespace = '';

SET default_table_access_method = heap;

--
-- Name: accounts; Type: TABLE; Schema: public; Owner: -
--

CREATE TABLE public.accounts (
    accountid integer NOT NULL,
    userid integer,
    accounttypeid integer,
    balance numeric(15,2) NOT NULL,
    createdat timestamp without time zone DEFAULT CURRENT_TIMESTAMP,
    CONSTRAINT accounts_balance_check CHECK ((balance >= (0)::numeric))
);


--
-- Name: accounts_accountid_seq; Type: SEQUENCE; Schema: public; Owner: -
--

CREATE SEQUENCE public.accounts_accountid_seq
    AS integer
    START WITH 1
    INCREMENT BY 1
    NO MINVALUE
    NO MAXVALUE
    CACHE 1;


--
-- Name: accounts_accountid_seq; Type: SEQUENCE OWNED BY; Schema: public; Owner: -
--

ALTER SEQUENCE public.accounts_accountid_seq OWNED BY public.accounts.accountid;


--
-- Name: accounttypes; Type: TABLE; Schema: public; Owner: -
--

CREATE TABLE public.accounttypes (
    accounttypeid integer NOT NULL,
    accounttypename character varying(50) NOT NULL
);


--
-- Name: accounttypes_accounttypeid_seq; Type: SEQUENCE; Schema: public; Owner: -
--

CREATE SEQUENCE public.accounttypes_accounttypeid_seq
    AS integer
    START WITH 1
    INCREMENT BY 1
    NO MINVALUE
    NO MAXVALUE
    CACHE 1;


--
-- Name: accounttypes_accounttypeid_seq; Type: SEQUENCE OWNED BY; Schema: public; Owner: -
--

ALTER SEQUENCE public.accounttypes_accounttypeid_seq OWNED BY public.accounttypes.accounttypeid;


--
-- Name: auditlogs; Type: TABLE; Schema: public; Owner: -
--

CREATE TABLE public.auditlogs (
    logid integer NOT NULL,
    userid integer,
    action character varying(255) NOT NULL,
    "timestamp" timestamp without time zone DEFAULT CURRENT_TIMESTAMP,
    ip character varying(45)
);


--
-- Name: auditlogs_logid_seq; Type: SEQUENCE; Schema: public; Owner: -
--

CREATE SEQUENCE public.auditlogs_logid_seq
    AS integer
    START WITH 1
    INCREMENT BY 1
    NO MINVALUE
    NO MAXVALUE
    CACHE 1;


--
-- Name: auditlogs_logid_seq; Type: SEQUENCE OWNED BY; Schema: public; Owner: -
--

ALTER SEQUENCE public.auditlogs_logid_seq OWNED BY public.auditlogs.logid;


--
-- Name: transactions; Type: TABLE; Schema: public; Owner: -
--

CREATE TABLE public.transactions (
    transactionid integer NOT NULL,
    accountid integer,
    transactiontype character varying(50) NOT NULL,
    amount numeric(15,2) NOT NULL,
    transactiondate timestamp without time zone DEFAULT CURRENT_TIMESTAMP,
    description text,
    CONSTRAINT transactions_amount_check CHECK ((amount > (0)::numeric))
);


--
-- Name: transactions_transactionid_seq; Type: SEQUENCE; Schema: public; Owner: -
--

CREATE SEQUENCE public.transactions_transactionid_seq
    AS integer
    START WITH 1
    INCREMENT BY 1
    NO MINVALUE
    NO MAXVALUE
    CACHE 1;


--
-- Name: transactions_transactionid_seq; Type: SEQUENCE OWNED BY; Schema: public; Owner: -
--

ALTER SEQUENCE public.transactions_transactionid_seq OWNED BY public.transactions.transactionid;


--
-- Name: userroleassignments; Type: TABLE; Schema: public; Owner: -
--

CREATE TABLE public.userroleassignments (
    assignmentid integer NOT NULL,
    userid integer,
    roleid integer
);


--
-- Name: userroleassignments_assignmentid_seq; Type: SEQUENCE; Schema: public; Owner: -
--

CREATE SEQUENCE public.userroleassignments_assignmentid_seq
    AS integer
    START WITH 1
    INCREMENT BY 1
    NO MINVALUE
    NO MAXVALUE
    CACHE 1;


--
-- Name: userroleassignments_assignmentid_seq; Type: SEQUENCE OWNED BY; Schema: public; Owner: -
--

ALTER SEQUENCE public.userroleassignments_assignmentid_seq OWNED BY public.userroleassignments.assignmentid;


--
-- Name: userroles; Type: TABLE; Schema: public; Owner: -
--

CREATE TABLE public.userroles (
    roleid integer NOT NULL,
    rolename character varying(50) NOT NULL
);


--
-- Name: userroles_roleid_seq; Type: SEQUENCE; Schema: public; Owner: -
--

CREATE SEQUENCE public.userroles_roleid_seq
    AS integer
    START WITH 1
    INCREMENT BY 1
    NO MINVALUE
    NO MAXVALUE
    CACHE 1;


--
-- Name: userroles_roleid_seq; Type: SEQUENCE OWNED BY; Schema: public; Owner: -
--

ALTER SEQUENCE public.userroles_roleid_seq OWNED BY public.userroles.roleid;


--
-- Name: users; Type: TABLE; Schema: public; Owner: -
--

CREATE TABLE public.users (
    userid integer NOT NULL,
    fullname character varying(255) NOT NULL,
    email character varying(255) NOT NULL,
    phone character varying(30),
    address text,
    dateofbirth date,
    passwordhash character varying(255) NOT NULL,
    createdat timestamp without time zone DEFAULT CURRENT_TIMESTAMP
);


--
-- Name: users_userid_seq; Type: SEQUENCE; Schema: public; Owner: -
--

CREATE SEQUENCE public.users_userid_seq
    AS integer
    START WITH 1
    INCREMENT BY 1
    NO MINVALUE
    NO MAXVALUE
    CACHE 1;


--
-- Name: users_userid_seq; Type: SEQUENCE OWNED BY; Schema: public; Owner: -
--

ALTER SEQUENCE public.users_userid_seq OWNED BY public.users.userid;


--
-- Name: accounts accountid; Type: DEFAULT; Schema: public; Owner: -
--

ALTER TABLE ONLY public.accounts ALTER COLUMN accountid SET DEFAULT nextval('public.accounts_accountid_seq'::regclass);


--
-- Name: accounttypes accounttypeid; Type: DEFAULT; Schema: public; Owner: -
--

ALTER TABLE ONLY public.accounttypes ALTER COLUMN accounttypeid SET DEFAULT nextval('public.accounttypes_accounttypeid_seq'::regclass);


--
-- Name: auditlogs logid; Type: DEFAULT; Schema: public; Owner: -
--

ALTER TABLE ONLY public.auditlogs ALTER COLUMN logid SET DEFAULT nextval('public.auditlogs_logid_seq'::regclass);


--
-- Name: transactions transactionid; Type: DEFAULT; Schema: public; Owner: -
--

ALTER TABLE ONLY public.transactions ALTER COLUMN transactionid SET DEFAULT nextval('public.transactions_transactionid_seq'::regclass);


--
-- Name: userroleassignments assignmentid; Type: DEFAULT; Schema: public; Owner: -
--

ALTER TABLE ONLY public.userroleassignments ALTER COLUMN assignmentid SET DEFAULT nextval('public.userroleassignments_assignmentid_seq'::regclass);


--
-- Name: userroles roleid; Type: DEFAULT; Schema: public; Owner: -
--

ALTER TABLE ONLY public.userroles ALTER COLUMN roleid SET DEFAULT nextval('public.userroles_roleid_seq'::regclass);


--
-- Name: users userid; Type: DEFAULT; Schema: public; Owner: -
--

ALTER TABLE ONLY public.users ALTER COLUMN userid SET DEFAULT nextval('public.users_userid_seq'::regclass);


--
-- Data for Name: accounts; Type: TABLE DATA; Schema: public; Owner: -
--

COPY public.accounts (accountid, userid, accounttypeid, balance, createdat) FROM stdin;
1	1	2	2282.12	2024-09-03 01:36:26.980591
2	1	1	9929.20	2024-09-03 01:36:26.980591
3	2	2	3677.56	2024-09-03 01:36:26.980591
4	2	2	5868.53	2024-09-03 01:36:26.980591
5	3	2	7895.97	2024-09-03 01:36:26.980591
6	4	2	8987.12	2024-09-03 01:36:26.980591
7	5	2	5804.74	2024-09-03 01:36:26.980591
8	5	1	6222.99	2024-09-03 01:36:26.980591
9	6	1	1016.31	2024-09-03 01:36:26.980591
10	7	2	7799.94	2024-09-03 01:36:26.980591
11	8	2	8887.22	2024-09-03 01:36:26.980591
12	8	2	494.87	2024-09-03 01:36:26.980591
13	9	1	9875.75	2024-09-03 01:36:26.980591
14	10	1	4940.03	2024-09-03 01:36:26.980591
15	10	1	7160.43	2024-09-03 01:36:26.980591
16	11	2	7791.28	2024-09-03 01:36:26.980591
17	12	1	482.54	2024-09-03 01:36:26.980591
18	12	2	3536.64	2024-09-03 01:36:26.980591
19	13	2	8805.93	2024-09-03 01:36:26.980591
20	13	2	9230.90	2024-09-03 01:36:26.980591
21	14	1	1766.75	2024-09-03 01:36:26.980591
22	14	1	7573.70	2024-09-03 01:36:26.980591
23	15	1	8159.60	2024-09-03 01:36:26.980591
24	16	2	3530.45	2024-09-03 01:36:26.980591
25	16	1	2356.68	2024-09-03 01:36:26.980591
26	17	1	9353.45	2024-09-03 01:36:26.980591
27	18	2	3014.06	2024-09-03 01:36:26.980591
28	19	1	9012.06	2024-09-03 01:36:26.980591
29	20	1	3336.28	2024-09-03 01:36:26.980591
30	21	2	6113.33	2024-09-03 01:36:26.980591
31	21	1	306.04	2024-09-03 01:36:26.980591
32	22	2	8974.62	2024-09-03 01:36:26.980591
33	22	1	2161.88	2024-09-03 01:36:26.980591
34	23	1	4858.41	2024-09-03 01:36:26.980591
35	23	1	488.66	2024-09-03 01:36:26.980591
36	24	2	2833.41	2024-09-03 01:36:26.980591
37	24	1	7542.39	2024-09-03 01:36:26.980591
38	25	2	6904.90	2024-09-03 01:36:26.980591
39	25	2	4360.54	2024-09-03 01:36:26.980591
40	26	1	5003.18	2024-09-03 01:36:26.980591
41	26	1	6147.29	2024-09-03 01:36:26.980591
42	27	2	7978.39	2024-09-03 01:36:26.980591
43	28	2	6054.08	2024-09-03 01:36:26.980591
44	28	1	9153.22	2024-09-03 01:36:26.980591
45	29	2	5438.99	2024-09-03 01:36:26.980591
46	30	1	3284.07	2024-09-03 01:36:26.980591
47	30	2	8507.16	2024-09-03 01:36:26.980591
48	31	2	6222.71	2024-09-03 01:36:26.980591
49	32	2	496.83	2024-09-03 01:36:26.980591
50	33	2	8888.63	2024-09-03 01:36:26.980591
51	33	2	1971.96	2024-09-03 01:36:26.980591
52	34	1	2327.24	2024-09-03 01:36:26.980591
53	34	1	9637.48	2024-09-03 01:36:26.980591
54	35	2	6783.86	2024-09-03 01:36:26.980591
55	35	1	7652.18	2024-09-03 01:36:26.980591
56	36	2	3319.23	2024-09-03 01:36:26.980591
57	36	1	5647.97	2024-09-03 01:36:26.980591
58	37	2	1095.90	2024-09-03 01:36:26.980591
59	37	1	8207.41	2024-09-03 01:36:26.980591
60	38	2	2216.62	2024-09-03 01:36:26.980591
61	38	1	8712.74	2024-09-03 01:36:26.980591
62	39	1	4589.63	2024-09-03 01:36:26.980591
63	40	2	8973.72	2024-09-03 01:36:26.980591
64	40	2	1229.78	2024-09-03 01:36:26.980591
65	41	1	9665.73	2024-09-03 01:36:26.980591
66	41	1	6702.88	2024-09-03 01:36:26.980591
67	42	1	6630.74	2024-09-03 01:36:26.980591
68	43	1	2869.99	2024-09-03 01:36:26.980591
69	43	2	7572.32	2024-09-03 01:36:26.980591
70	44	1	1354.21	2024-09-03 01:36:26.980591
71	45	2	2192.54	2024-09-03 01:36:26.980591
72	46	2	134.55	2024-09-03 01:36:26.980591
73	47	2	3899.79	2024-09-03 01:36:26.980591
74	47	2	6182.61	2024-09-03 01:36:26.980591
75	48	1	6850.89	2024-09-03 01:36:26.980591
76	48	1	4406.00	2024-09-03 01:36:26.980591
77	49	2	2348.40	2024-09-03 01:36:26.980591
78	50	2	1553.48	2024-09-03 01:36:26.980591
79	50	2	5623.02	2024-09-03 01:36:26.980591
80	51	2	3033.24	2024-09-03 01:36:26.980591
81	52	1	3000.25	2024-09-03 01:36:26.980591
82	53	1	1942.75	2024-09-03 01:36:26.980591
83	54	1	9846.22	2024-09-03 01:36:26.980591
84	54	1	7118.37	2024-09-03 01:36:26.980591
85	55	1	3265.24	2024-09-03 01:36:26.980591
86	56	1	8821.95	2024-09-03 01:36:26.980591
87	57	1	2060.22	2024-09-03 01:36:26.980591
88	57	1	6558.96	2024-09-03 01:36:26.980591
89	58	2	8894.05	2024-09-03 01:36:26.980591
90	58	2	288.24	2024-09-03 01:36:26.980591
91	59	1	2711.78	2024-09-03 01:36:26.980591
92	59	2	7573.94	2024-09-03 01:36:26.980591
93	60	1	9813.28	2024-09-03 01:36:26.980591
94	61	2	3403.29	2024-09-03 01:36:26.980591
95	61	2	192.31	2024-09-03 01:36:26.980591
96	62	1	1836.34	2024-09-03 01:36:26.980591
97	63	2	5134.96	2024-09-03 01:36:26.980591
98	63	2	8344.62	2024-09-03 01:36:26.980591
99	64	2	9124.69	2024-09-03 01:36:26.980591
100	64	1	1418.62	2024-09-03 01:36:26.980591
101	65	2	4234.24	2024-09-03 01:36:26.980591
102	65	1	9224.07	2024-09-03 01:36:26.980591
103	66	1	8767.17	2024-09-03 01:36:26.980591
104	66	1	9893.55	2024-09-03 01:36:26.980591
105	67	2	4751.97	2024-09-03 01:36:26.980591
106	67	1	8742.55	2024-09-03 01:36:26.980591
107	68	2	7508.07	2024-09-03 01:36:26.980591
108	68	2	7280.01	2024-09-03 01:36:26.980591
109	69	1	2448.86	2024-09-03 01:36:26.980591
110	69	2	8701.53	2024-09-03 01:36:26.980591
111	70	2	6856.57	2024-09-03 01:36:26.980591
112	71	2	5990.02	2024-09-03 01:36:26.980591
113	72	1	9872.50	2024-09-03 01:36:26.980591
114	73	2	1347.94	2024-09-03 01:36:26.980591
115	73	1	5759.31	2024-09-03 01:36:26.980591
116	74	1	6350.21	2024-09-03 01:36:26.980591
117	75	2	5352.48	2024-09-03 01:36:26.980591
118	75	1	3699.30	2024-09-03 01:36:26.980591
119	76	1	3327.67	2024-09-03 01:36:26.980591
120	76	1	7979.71	2024-09-03 01:36:26.980591
121	77	1	8325.24	2024-09-03 01:36:26.980591
122	77	2	6192.55	2024-09-03 01:36:26.980591
123	78	2	7041.51	2024-09-03 01:36:26.980591
124	78	1	3543.39	2024-09-03 01:36:26.980591
125	79	1	1772.83	2024-09-03 01:36:26.980591
126	80	1	2590.45	2024-09-03 01:36:26.980591
127	81	2	2320.29	2024-09-03 01:36:26.980591
128	81	2	3256.33	2024-09-03 01:36:26.980591
129	82	1	7167.75	2024-09-03 01:36:26.980591
130	82	1	8205.87	2024-09-03 01:36:26.980591
131	83	2	1780.34	2024-09-03 01:36:26.980591
132	84	1	3548.26	2024-09-03 01:36:26.980591
133	84	1	8682.20	2024-09-03 01:36:26.980591
134	85	2	3639.06	2024-09-03 01:36:26.980591
135	86	2	1012.08	2024-09-03 01:36:26.980591
136	86	1	3343.00	2024-09-03 01:36:26.980591
137	87	1	429.99	2024-09-03 01:36:26.980591
138	87	1	7651.61	2024-09-03 01:36:26.980591
139	88	1	4733.53	2024-09-03 01:36:26.980591
140	88	1	3463.45	2024-09-03 01:36:26.980591
141	89	2	7391.51	2024-09-03 01:36:26.980591
142	90	1	5482.59	2024-09-03 01:36:26.980591
143	91	2	4485.99	2024-09-03 01:36:26.980591
144	92	1	6648.71	2024-09-03 01:36:26.980591
145	93	2	2088.96	2024-09-03 01:36:26.980591
146	94	1	9477.84	2024-09-03 01:36:26.980591
147	95	2	8888.18	2024-09-03 01:36:26.980591
148	96	1	3238.82	2024-09-03 01:36:26.980591
149	96	2	7741.58	2024-09-03 01:36:26.980591
150	97	2	954.04	2024-09-03 01:36:26.980591
151	98	1	4710.87	2024-09-03 01:36:26.980591
152	99	1	8237.25	2024-09-03 01:36:26.980591
153	100	1	9598.97	2024-09-03 01:36:26.980591
154	100	1	2296.35	2024-09-03 01:36:26.980591
447	\N	2	3490.86	2024-09-03 02:24:19.497343
448	\N	2	6162.85	2024-09-03 02:24:19.497343
449	\N	2	1709.45	2024-09-03 02:24:19.497343
450	\N	2	900.54	2024-09-03 02:24:19.497343
451	\N	2	9740.14	2024-09-03 02:24:19.497343
452	\N	2	6140.00	2024-09-03 02:24:19.497343
453	\N	1	7308.06	2024-09-03 02:24:19.497343
454	\N	2	2590.69	2024-09-03 02:24:19.497343
455	\N	2	3203.07	2024-09-03 02:24:19.497343
456	\N	2	1228.62	2024-09-03 02:24:19.497343
457	\N	1	7084.03	2024-09-03 02:24:19.497343
458	\N	2	292.95	2024-09-03 02:24:19.497343
459	\N	2	807.62	2024-09-03 02:24:19.497343
460	\N	2	8729.02	2024-09-03 02:24:19.497343
461	\N	2	1208.87	2024-09-03 02:24:19.497343
462	\N	2	252.99	2024-09-03 02:24:19.497343
463	\N	1	3648.31	2024-09-03 02:24:19.497343
464	\N	2	2112.81	2024-09-03 02:24:19.497343
465	\N	1	9124.63	2024-09-03 02:24:19.497343
466	\N	2	7755.39	2024-09-03 02:24:19.497343
467	\N	1	8300.20	2024-09-03 02:24:19.497343
468	\N	1	1604.29	2024-09-03 02:24:19.497343
469	\N	2	582.01	2024-09-03 02:24:19.497343
470	\N	2	3494.75	2024-09-03 02:24:19.497343
471	\N	2	3758.35	2024-09-03 02:24:19.497343
472	\N	1	1952.32	2024-09-03 02:24:19.497343
473	\N	1	6347.18	2024-09-03 02:24:19.497343
474	\N	2	5368.33	2024-09-03 02:24:19.497343
475	\N	2	8067.96	2024-09-03 02:24:19.497343
476	\N	2	8874.27	2024-09-03 02:24:19.497343
477	\N	2	3953.61	2024-09-03 02:24:19.497343
478	\N	2	9587.63	2024-09-03 02:24:19.497343
479	\N	1	6399.59	2024-09-03 02:24:19.497343
480	\N	2	8715.80	2024-09-03 02:24:19.497343
481	\N	1	9819.86	2024-09-03 02:24:19.497343
482	\N	2	2927.31	2024-09-03 02:24:19.497343
483	\N	1	9556.31	2024-09-03 02:24:19.497343
484	\N	2	9531.00	2024-09-03 02:24:19.497343
485	\N	1	9921.25	2024-09-03 02:24:19.497343
486	\N	2	2966.23	2024-09-03 02:24:19.497343
487	\N	2	1409.09	2024-09-03 02:24:19.497343
488	\N	1	797.55	2024-09-03 02:24:19.497343
489	\N	2	5232.37	2024-09-03 02:24:19.497343
490	\N	1	442.92	2024-09-03 02:24:19.497343
491	\N	1	3878.56	2024-09-03 02:24:19.497343
492	\N	1	1782.35	2024-09-03 02:24:19.497343
493	\N	2	1339.20	2024-09-03 02:24:19.497343
494	\N	2	6134.28	2024-09-03 02:24:19.497343
495	\N	1	3437.65	2024-09-03 02:24:19.497343
496	\N	1	5676.73	2024-09-03 02:24:19.497343
497	\N	1	6880.32	2024-09-03 02:24:19.497343
498	\N	2	1956.67	2024-09-03 02:24:19.497343
499	\N	2	2889.23	2024-09-03 02:24:19.497343
500	\N	2	2591.44	2024-09-03 02:24:19.497343
501	\N	2	6503.29	2024-09-03 02:24:19.497343
502	\N	2	4018.43	2024-09-03 02:24:19.497343
503	\N	2	6197.52	2024-09-03 02:24:19.497343
504	\N	2	7632.23	2024-09-03 02:24:19.497343
505	\N	1	159.14	2024-09-03 02:24:19.497343
506	\N	1	5301.76	2024-09-03 02:24:19.497343
507	\N	2	4180.60	2024-09-03 02:24:19.497343
508	\N	1	3847.81	2024-09-03 02:24:19.497343
509	\N	2	6286.42	2024-09-03 02:24:19.497343
510	\N	2	7451.26	2024-09-03 02:24:19.497343
511	\N	1	2566.47	2024-09-03 02:24:19.497343
512	\N	2	6705.81	2024-09-03 02:24:19.497343
513	\N	1	8681.21	2024-09-03 02:24:19.497343
514	\N	2	3710.24	2024-09-03 02:24:19.497343
515	\N	1	1256.80	2024-09-03 02:24:19.497343
516	\N	1	4448.10	2024-09-03 02:24:19.497343
517	\N	2	5038.78	2024-09-03 02:24:19.497343
518	\N	1	851.19	2024-09-03 02:24:19.497343
519	\N	2	7230.69	2024-09-03 02:24:19.497343
520	\N	1	562.39	2024-09-03 02:24:19.497343
521	\N	2	939.42	2024-09-03 02:24:19.497343
522	\N	2	9497.50	2024-09-03 02:24:19.497343
523	\N	1	971.29	2024-09-03 02:24:19.497343
524	\N	1	7664.74	2024-09-03 02:24:19.497343
525	\N	1	9207.01	2024-09-03 02:24:19.497343
526	\N	2	1515.24	2024-09-03 02:24:19.497343
527	\N	2	4040.15	2024-09-03 02:24:19.497343
528	\N	1	9398.13	2024-09-03 02:24:19.497343
529	\N	1	5188.94	2024-09-03 02:24:19.497343
530	\N	2	4821.28	2024-09-03 02:24:19.497343
531	\N	2	2928.36	2024-09-03 02:24:19.497343
532	\N	2	9243.49	2024-09-03 02:24:19.497343
533	\N	2	282.30	2024-09-03 02:24:19.497343
534	\N	1	9357.01	2024-09-03 02:24:19.497343
535	\N	1	7546.71	2024-09-03 02:24:19.497343
536	\N	1	8069.21	2024-09-03 02:24:19.497343
537	\N	1	6562.34	2024-09-03 02:24:19.497343
538	\N	1	139.73	2024-09-03 02:24:19.497343
539	\N	2	3643.56	2024-09-03 02:24:19.497343
540	\N	1	8177.45	2024-09-03 02:24:19.497343
541	\N	2	1680.41	2024-09-03 02:24:19.497343
542	\N	2	970.08	2024-09-03 02:24:19.497343
543	\N	1	7951.44	2024-09-03 02:24:19.497343
544	\N	1	1850.77	2024-09-03 02:24:19.497343
545	\N	2	3186.28	2024-09-03 02:24:19.497343
546	\N	1	1950.62	2024-09-03 02:24:19.497343
547	\N	2	2889.00	2024-09-03 02:24:19.497343
548	\N	2	470.36	2024-09-03 02:24:19.497343
549	\N	2	8298.88	2024-09-03 02:24:19.497343
550	\N	1	6118.17	2024-09-03 02:24:19.497343
551	\N	2	9694.07	2024-09-03 02:24:19.497343
552	\N	2	2161.14	2024-09-03 02:24:19.497343
553	\N	1	7943.89	2024-09-03 02:24:19.497343
554	\N	1	538.44	2024-09-03 02:24:19.497343
555	\N	2	5008.15	2024-09-03 02:24:19.497343
556	\N	2	5353.99	2024-09-03 02:24:19.497343
557	\N	2	750.91	2024-09-03 02:24:19.497343
558	\N	2	8527.09	2024-09-03 02:24:19.497343
559	\N	2	6830.21	2024-09-03 02:24:19.497343
560	\N	2	5473.92	2024-09-03 02:24:19.497343
561	\N	1	2381.03	2024-09-03 02:24:19.497343
562	\N	2	3941.92	2024-09-03 02:24:19.497343
563	\N	1	9408.66	2024-09-03 02:24:19.497343
564	\N	1	9980.18	2024-09-03 02:24:19.497343
565	\N	1	9563.77	2024-09-03 02:24:19.497343
566	\N	2	5083.70	2024-09-03 02:24:19.497343
567	\N	1	1050.14	2024-09-03 02:24:19.497343
568	\N	2	9888.06	2024-09-03 02:24:19.497343
569	\N	1	2519.91	2024-09-03 02:24:19.497343
570	\N	1	4993.69	2024-09-03 02:24:19.497343
571	\N	2	837.66	2024-09-03 02:24:19.497343
572	\N	1	2048.43	2024-09-03 02:24:19.497343
573	\N	2	3859.33	2024-09-03 02:24:19.497343
574	\N	2	8004.49	2024-09-03 02:24:19.497343
575	\N	1	8535.56	2024-09-03 02:24:19.497343
576	\N	2	2073.93	2024-09-03 02:24:19.497343
577	\N	2	7835.00	2024-09-03 02:24:19.497343
578	\N	1	5728.23	2024-09-03 02:24:19.497343
579	\N	2	305.72	2024-09-03 02:24:19.497343
580	\N	1	9616.28	2024-09-03 02:24:19.497343
581	\N	1	1244.01	2024-09-03 02:24:19.497343
582	\N	1	216.88	2024-09-03 02:24:19.497343
583	\N	1	5434.15	2024-09-03 02:24:19.497343
584	\N	2	1737.18	2024-09-03 02:24:19.497343
585	\N	2	204.27	2024-09-03 02:24:19.497343
586	\N	1	7915.65	2024-09-03 02:24:19.497343
587	\N	1	3206.90	2024-09-03 02:24:19.497343
588	\N	2	666.72	2024-09-03 02:24:19.497343
589	\N	2	5494.06	2024-09-03 02:24:19.497343
590	\N	1	9585.54	2024-09-03 02:24:19.497343
591	\N	1	9928.78	2024-09-03 02:24:19.497343
592	\N	2	467.76	2024-09-03 02:24:19.497343
593	\N	2	9613.87	2024-09-03 03:39:29.704639
594	\N	2	3389.06	2024-09-03 03:39:29.704639
595	\N	2	1857.22	2024-09-03 03:39:29.704639
596	\N	1	9772.90	2024-09-03 03:39:29.704639
597	\N	2	148.63	2024-09-03 03:39:29.704639
598	\N	1	4924.34	2024-09-03 03:39:29.704639
599	\N	1	2132.95	2024-09-03 03:39:29.704639
600	\N	1	820.31	2024-09-03 03:39:29.704639
601	\N	2	5579.13	2024-09-03 03:39:29.704639
602	\N	2	445.28	2024-09-03 03:39:29.704639
603	\N	1	1035.88	2024-09-03 03:39:29.704639
604	\N	1	9531.40	2024-09-03 03:39:29.704639
605	\N	1	9607.08	2024-09-03 03:39:29.704639
606	\N	1	363.33	2024-09-03 03:39:29.704639
607	\N	1	7091.82	2024-09-03 03:39:29.704639
608	\N	1	1564.70	2024-09-03 03:39:29.704639
609	\N	1	4500.81	2024-09-03 03:39:29.704639
610	\N	2	9031.72	2024-09-03 03:39:29.704639
611	\N	2	5108.43	2024-09-03 03:39:29.704639
612	\N	2	7309.63	2024-09-03 03:39:29.704639
613	\N	1	3905.46	2024-09-03 03:39:29.704639
614	\N	2	7863.80	2024-09-03 03:39:29.704639
615	\N	2	8050.14	2024-09-03 03:39:29.704639
616	\N	1	1024.73	2024-09-03 03:39:29.704639
617	\N	2	5090.87	2024-09-03 03:39:29.704639
618	\N	2	4010.55	2024-09-03 03:39:29.704639
619	\N	2	6236.53	2024-09-03 03:39:29.704639
620	\N	2	2472.38	2024-09-03 03:39:29.704639
621	\N	2	2117.10	2024-09-03 03:39:29.704639
622	\N	2	6089.73	2024-09-03 03:39:29.704639
623	\N	1	5719.75	2024-09-03 03:39:29.704639
624	\N	1	4924.10	2024-09-03 03:39:29.704639
625	\N	2	555.11	2024-09-03 03:39:29.704639
626	\N	2	4598.82	2024-09-03 03:39:29.704639
627	\N	2	2031.34	2024-09-03 03:39:29.704639
628	\N	1	7400.62	2024-09-03 03:39:29.704639
629	\N	1	949.79	2024-09-03 03:39:29.704639
630	\N	1	1016.92	2024-09-03 03:39:29.704639
631	\N	2	2795.37	2024-09-03 03:39:29.704639
632	\N	2	8907.49	2024-09-03 03:39:29.704639
633	\N	2	6129.27	2024-09-03 03:39:29.704639
634	\N	2	8559.37	2024-09-03 03:39:29.704639
635	\N	1	4759.02	2024-09-03 03:39:29.704639
636	\N	1	9228.12	2024-09-03 03:39:29.704639
637	\N	2	4962.35	2024-09-03 03:39:29.704639
638	\N	2	3073.74	2024-09-03 03:39:29.704639
639	\N	2	2024.30	2024-09-03 03:39:29.704639
640	\N	2	695.07	2024-09-03 03:39:29.704639
641	\N	2	4170.71	2024-09-03 03:39:29.704639
642	\N	1	7630.96	2024-09-03 03:39:29.704639
643	\N	2	8149.39	2024-09-03 03:39:29.704639
644	\N	1	6656.49	2024-09-03 03:39:29.704639
645	\N	2	8562.36	2024-09-03 03:39:29.704639
646	\N	2	1896.27	2024-09-03 03:39:29.704639
647	\N	1	1938.20	2024-09-03 03:39:29.704639
648	\N	2	2415.10	2024-09-03 03:39:29.704639
649	\N	1	8057.43	2024-09-03 03:39:29.704639
650	\N	2	6444.40	2024-09-03 03:39:29.704639
651	\N	2	7813.35	2024-09-03 03:39:29.704639
652	\N	1	8803.70	2024-09-03 03:39:29.704639
653	\N	1	8297.62	2024-09-03 03:39:29.704639
654	\N	1	4166.73	2024-09-03 03:39:29.704639
655	\N	1	6434.11	2024-09-03 03:39:29.704639
656	\N	1	2376.34	2024-09-03 03:39:29.704639
657	\N	1	3038.79	2024-09-03 03:39:29.704639
658	\N	1	6102.33	2024-09-03 03:39:29.704639
659	\N	1	3757.92	2024-09-03 03:39:29.704639
660	\N	2	6551.92	2024-09-03 03:39:29.704639
661	\N	2	1131.09	2024-09-03 03:39:29.704639
662	\N	1	7789.09	2024-09-03 03:39:29.704639
663	\N	1	7589.88	2024-09-03 03:39:29.704639
664	\N	1	3906.11	2024-09-03 03:39:29.704639
665	\N	2	5125.78	2024-09-03 03:39:29.704639
666	\N	1	3096.03	2024-09-03 03:39:29.704639
667	\N	2	3879.56	2024-09-03 03:39:29.704639
668	\N	1	294.82	2024-09-03 03:39:29.704639
669	\N	1	9251.96	2024-09-03 03:39:29.704639
670	\N	2	8948.67	2024-09-03 03:39:29.704639
671	\N	1	8394.66	2024-09-03 03:39:29.704639
672	\N	1	535.71	2024-09-03 03:39:29.704639
673	\N	1	2835.10	2024-09-03 03:39:29.704639
674	\N	2	9723.19	2024-09-03 03:39:29.704639
675	\N	1	6602.29	2024-09-03 03:39:29.704639
676	\N	1	6672.15	2024-09-03 03:39:29.704639
677	\N	1	7780.83	2024-09-03 03:39:29.704639
678	\N	1	4315.67	2024-09-03 03:39:29.704639
679	\N	1	8474.56	2024-09-03 03:39:29.704639
680	\N	1	4115.01	2024-09-03 03:39:29.704639
681	\N	2	2518.36	2024-09-03 03:39:29.704639
682	\N	2	6590.66	2024-09-03 03:39:29.704639
683	\N	1	5841.51	2024-09-03 03:39:29.704639
684	\N	2	2513.52	2024-09-03 03:39:29.704639
685	\N	1	8092.98	2024-09-03 03:39:29.704639
686	\N	1	9738.35	2024-09-03 03:39:29.704639
687	\N	2	847.58	2024-09-03 03:39:29.704639
688	\N	1	9309.13	2024-09-03 03:39:29.704639
689	\N	2	9299.72	2024-09-03 03:39:29.704639
690	\N	1	2815.95	2024-09-03 03:39:29.704639
691	\N	1	1449.52	2024-09-03 03:39:29.704639
692	\N	2	377.61	2024-09-03 03:39:29.704639
693	\N	2	6470.10	2024-09-03 03:39:29.704639
694	\N	1	3979.81	2024-09-03 03:39:29.704639
695	\N	1	2789.25	2024-09-03 03:39:29.704639
696	\N	1	4685.08	2024-09-03 03:39:29.704639
697	\N	1	7780.92	2024-09-03 03:39:29.704639
698	\N	1	1367.34	2024-09-03 03:39:29.704639
699	\N	1	1519.05	2024-09-03 03:39:29.704639
700	\N	2	7170.28	2024-09-03 03:39:29.704639
701	\N	1	8660.68	2024-09-03 03:39:29.704639
702	\N	1	3495.02	2024-09-03 03:39:29.704639
703	\N	2	5611.58	2024-09-03 03:39:29.704639
704	\N	1	6544.68	2024-09-03 03:39:29.704639
705	\N	1	5196.36	2024-09-03 03:39:29.704639
706	\N	2	6526.03	2024-09-03 03:39:29.704639
707	\N	1	9952.19	2024-09-03 03:39:29.704639
708	\N	2	4345.58	2024-09-03 03:39:29.704639
709	\N	1	3991.16	2024-09-03 03:39:29.704639
710	\N	2	821.14	2024-09-03 03:39:29.704639
711	\N	1	9974.32	2024-09-03 03:39:29.704639
712	\N	2	116.09	2024-09-03 03:39:29.704639
713	\N	2	5195.51	2024-09-03 03:39:29.704639
714	\N	1	5562.96	2024-09-03 03:39:29.704639
715	\N	1	4899.45	2024-09-03 03:39:29.704639
716	\N	2	8630.83	2024-09-03 03:39:29.704639
717	\N	2	9609.60	2024-09-03 03:39:29.704639
718	\N	2	609.87	2024-09-03 03:39:29.704639
719	\N	2	4257.33	2024-09-03 03:39:29.704639
720	\N	1	2970.32	2024-09-03 03:39:29.704639
721	\N	2	3337.69	2024-09-03 03:39:29.704639
722	\N	1	3919.19	2024-09-03 03:39:29.704639
723	\N	1	5031.35	2024-09-03 03:39:29.704639
724	\N	2	8459.49	2024-09-03 03:39:29.704639
725	\N	1	5070.76	2024-09-03 03:39:29.704639
726	\N	2	8079.98	2024-09-03 03:39:29.704639
727	\N	1	9857.11	2024-09-03 03:39:29.704639
728	\N	2	5971.24	2024-09-03 03:39:29.704639
729	\N	2	3886.59	2024-09-03 03:39:29.704639
730	\N	1	4121.89	2024-09-03 03:39:29.704639
731	\N	2	979.66	2024-09-03 03:39:29.704639
732	\N	1	8007.53	2024-09-03 03:39:29.704639
733	\N	2	9924.08	2024-09-03 03:39:29.704639
734	\N	2	4557.93	2024-09-03 03:39:29.704639
735	\N	1	7185.92	2024-09-03 03:39:29.704639
736	\N	2	3557.17	2024-09-03 03:39:29.704639
737	\N	2	8690.23	2024-09-03 03:39:29.704639
738	\N	1	7624.49	2024-09-03 03:39:29.704639
739	\N	1	6478.99	2024-09-03 03:39:29.704639
740	\N	2	9158.21	2024-09-03 03:39:29.704639
741	\N	1	7466.38	2024-09-03 03:39:29.704639
742	\N	2	5583.29	2024-09-03 03:39:29.704639
743	\N	2	1719.57	2024-09-03 03:39:29.704639
744	\N	1	9661.33	2024-09-03 03:39:29.704639
745	\N	2	7408.86	2024-09-03 03:39:29.704639
\.


--
-- Data for Name: accounttypes; Type: TABLE DATA; Schema: public; Owner: -
--

COPY public.accounttypes (accounttypeid, accounttypename) FROM stdin;
1	Savings
2	Checking
\.


--
-- Data for Name: auditlogs; Type: TABLE DATA; Schema: public; Owner: -
--

COPY public.auditlogs (logid, userid, action, "timestamp", ip) FROM stdin;
1	1	Transferred funds	2024-09-03 01:36:26.980591	76.10.233.155
2	1	Transferred funds	2024-09-03 01:36:26.980591	203.254.52.160
3	1	Transferred funds	2024-09-03 01:36:26.980591	219.244.60.106
4	1	Transferred funds	2024-09-03 01:36:26.980591	143.40.132.225
5	1	Transferred funds	2024-09-03 01:36:26.980591	104.135.136.148
6	2	Viewed account balance	2024-09-03 01:36:26.980591	177.217.76.38
7	2	Transferred funds	2024-09-03 01:36:26.980591	118.67.160.27
8	3	Transferred funds	2024-09-03 01:36:26.980591	4.202.69.74
9	3	Logged in	2024-09-03 01:36:26.980591	49.93.18.172
10	3	Logged out	2024-09-03 01:36:26.980591	133.12.12.177
11	3	Logged in	2024-09-03 01:36:26.980591	15.221.164.83
12	4	Logged out	2024-09-03 01:36:26.980591	104.161.97.52
13	5	Transferred funds	2024-09-03 01:36:26.980591	64.148.64.145
14	5	Viewed account balance	2024-09-03 01:36:26.980591	23.198.125.62
15	6	Logged in	2024-09-03 01:36:26.980591	69.124.55.6
16	7	Logged out	2024-09-03 01:36:26.980591	18.98.243.22
17	7	Logged in	2024-09-03 01:36:26.980591	7.170.252.143
18	7	Transferred funds	2024-09-03 01:36:26.980591	108.253.194.80
19	7	Viewed account balance	2024-09-03 01:36:26.980591	145.190.40.255
20	7	Logged in	2024-09-03 01:36:26.980591	85.232.219.161
21	8	Viewed account balance	2024-09-03 01:36:26.980591	212.100.208.0
22	8	Logged in	2024-09-03 01:36:26.980591	43.22.167.80
23	8	Logged in	2024-09-03 01:36:26.980591	60.90.103.58
24	8	Viewed account balance	2024-09-03 01:36:26.980591	140.236.103.165
25	9	Viewed account balance	2024-09-03 01:36:26.980591	70.239.177.214
26	9	Logged out	2024-09-03 01:36:26.980591	176.4.95.8
27	10	Viewed account balance	2024-09-03 01:36:26.980591	45.159.7.217
28	11	Transferred funds	2024-09-03 01:36:26.980591	168.122.108.81
29	11	Logged in	2024-09-03 01:36:26.980591	210.157.8.100
30	11	Logged in	2024-09-03 01:36:26.980591	139.189.7.185
31	12	Logged in	2024-09-03 01:36:26.980591	32.120.54.115
32	13	Transferred funds	2024-09-03 01:36:26.980591	111.62.180.124
33	13	Logged in	2024-09-03 01:36:26.980591	58.219.26.141
34	13	Transferred funds	2024-09-03 01:36:26.980591	155.7.202.145
35	14	Viewed account balance	2024-09-03 01:36:26.980591	206.247.51.240
36	14	Transferred funds	2024-09-03 01:36:26.980591	98.82.23.144
37	14	Viewed account balance	2024-09-03 01:36:26.980591	156.217.21.143
38	14	Logged out	2024-09-03 01:36:26.980591	84.184.136.191
39	15	Viewed account balance	2024-09-03 01:36:26.980591	13.131.92.235
40	15	Logged out	2024-09-03 01:36:26.980591	114.118.136.201
41	16	Transferred funds	2024-09-03 01:36:26.980591	130.98.216.160
42	16	Transferred funds	2024-09-03 01:36:26.980591	81.72.206.243
43	16	Transferred funds	2024-09-03 01:36:26.980591	210.28.197.227
44	16	Viewed account balance	2024-09-03 01:36:26.980591	29.1.72.40
45	16	Transferred funds	2024-09-03 01:36:26.980591	198.16.30.73
46	17	Logged out	2024-09-03 01:36:26.980591	207.229.169.128
47	17	Viewed account balance	2024-09-03 01:36:26.980591	30.55.66.100
48	17	Viewed account balance	2024-09-03 01:36:26.980591	108.135.19.197
49	17	Transferred funds	2024-09-03 01:36:26.980591	112.170.121.243
50	17	Transferred funds	2024-09-03 01:36:26.980591	89.151.255.30
51	18	Viewed account balance	2024-09-03 01:36:26.980591	75.36.12.133
52	18	Viewed account balance	2024-09-03 01:36:26.980591	147.67.10.28
53	18	Logged in	2024-09-03 01:36:26.980591	116.197.36.198
54	18	Transferred funds	2024-09-03 01:36:26.980591	186.175.6.37
55	18	Viewed account balance	2024-09-03 01:36:26.980591	186.135.179.207
56	19	Viewed account balance	2024-09-03 01:36:26.980591	26.119.107.102
57	20	Logged in	2024-09-03 01:36:26.980591	142.248.145.6
58	20	Logged out	2024-09-03 01:36:26.980591	122.80.160.180
59	21	Transferred funds	2024-09-03 01:36:26.980591	81.213.38.250
60	22	Logged in	2024-09-03 01:36:26.980591	223.150.150.217
61	22	Viewed account balance	2024-09-03 01:36:26.980591	78.212.119.107
62	22	Logged in	2024-09-03 01:36:26.980591	166.121.43.2
63	22	Transferred funds	2024-09-03 01:36:26.980591	105.182.222.110
64	23	Transferred funds	2024-09-03 01:36:26.980591	57.243.175.186
65	23	Transferred funds	2024-09-03 01:36:26.980591	211.98.204.107
66	24	Transferred funds	2024-09-03 01:36:26.980591	167.147.139.116
67	24	Logged in	2024-09-03 01:36:26.980591	58.221.81.177
68	24	Transferred funds	2024-09-03 01:36:26.980591	55.157.25.21
69	24	Transferred funds	2024-09-03 01:36:26.980591	95.156.183.6
70	25	Logged in	2024-09-03 01:36:26.980591	160.198.174.116
71	25	Logged out	2024-09-03 01:36:26.980591	193.217.132.72
72	26	Logged out	2024-09-03 01:36:26.980591	29.197.84.58
73	26	Viewed account balance	2024-09-03 01:36:26.980591	153.20.39.145
74	26	Logged in	2024-09-03 01:36:26.980591	42.163.184.115
75	26	Transferred funds	2024-09-03 01:36:26.980591	58.17.68.107
76	26	Logged in	2024-09-03 01:36:26.980591	185.125.3.95
77	27	Viewed account balance	2024-09-03 01:36:26.980591	20.207.30.193
78	28	Logged out	2024-09-03 01:36:26.980591	117.51.245.13
79	28	Viewed account balance	2024-09-03 01:36:26.980591	46.150.65.194
80	28	Viewed account balance	2024-09-03 01:36:26.980591	111.241.204.121
81	29	Viewed account balance	2024-09-03 01:36:26.980591	91.158.106.87
82	29	Transferred funds	2024-09-03 01:36:26.980591	151.0.86.247
83	30	Logged out	2024-09-03 01:36:26.980591	222.243.133.17
84	30	Viewed account balance	2024-09-03 01:36:26.980591	74.57.114.104
85	30	Logged out	2024-09-03 01:36:26.980591	200.5.253.173
86	30	Logged out	2024-09-03 01:36:26.980591	101.15.78.214
87	31	Logged in	2024-09-03 01:36:26.980591	110.247.81.141
88	31	Viewed account balance	2024-09-03 01:36:26.980591	196.27.38.107
89	32	Transferred funds	2024-09-03 01:36:26.980591	214.210.244.151
90	32	Logged out	2024-09-03 01:36:26.980591	16.134.239.228
91	32	Logged out	2024-09-03 01:36:26.980591	72.177.144.80
92	32	Logged out	2024-09-03 01:36:26.980591	191.242.12.64
93	33	Viewed account balance	2024-09-03 01:36:26.980591	87.91.51.46
94	33	Viewed account balance	2024-09-03 01:36:26.980591	111.194.192.83
95	33	Logged out	2024-09-03 01:36:26.980591	12.163.82.161
96	34	Viewed account balance	2024-09-03 01:36:26.980591	109.163.140.200
97	35	Logged in	2024-09-03 01:36:26.980591	130.109.247.113
98	35	Logged out	2024-09-03 01:36:26.980591	26.247.141.61
99	35	Transferred funds	2024-09-03 01:36:26.980591	223.201.230.43
100	36	Logged out	2024-09-03 01:36:26.980591	92.80.198.217
101	36	Viewed account balance	2024-09-03 01:36:26.980591	200.21.144.89
102	36	Transferred funds	2024-09-03 01:36:26.980591	85.99.187.187
103	36	Viewed account balance	2024-09-03 01:36:26.980591	11.211.237.0
104	37	Logged in	2024-09-03 01:36:26.980591	147.193.7.74
105	37	Transferred funds	2024-09-03 01:36:26.980591	84.80.100.130
106	37	Viewed account balance	2024-09-03 01:36:26.980591	133.148.41.225
107	37	Transferred funds	2024-09-03 01:36:26.980591	108.37.3.175
108	37	Logged in	2024-09-03 01:36:26.980591	205.9.240.63
109	38	Logged out	2024-09-03 01:36:26.980591	45.157.158.89
110	38	Transferred funds	2024-09-03 01:36:26.980591	121.237.92.168
111	38	Logged in	2024-09-03 01:36:26.980591	128.155.41.159
112	38	Viewed account balance	2024-09-03 01:36:26.980591	79.207.61.122
113	38	Viewed account balance	2024-09-03 01:36:26.980591	207.237.36.166
114	39	Logged in	2024-09-03 01:36:26.980591	185.188.187.215
115	40	Viewed account balance	2024-09-03 01:36:26.980591	195.22.188.248
116	40	Logged out	2024-09-03 01:36:26.980591	62.46.52.57
117	40	Viewed account balance	2024-09-03 01:36:26.980591	70.138.97.0
118	40	Logged out	2024-09-03 01:36:26.980591	94.75.202.4
119	40	Viewed account balance	2024-09-03 01:36:26.980591	49.205.116.24
120	41	Logged in	2024-09-03 01:36:26.980591	35.60.5.117
121	41	Transferred funds	2024-09-03 01:36:26.980591	220.144.63.255
122	41	Logged in	2024-09-03 01:36:26.980591	141.41.63.225
123	42	Logged in	2024-09-03 01:36:26.980591	80.141.57.155
124	42	Logged out	2024-09-03 01:36:26.980591	166.232.246.122
125	42	Transferred funds	2024-09-03 01:36:26.980591	180.80.118.45
126	43	Logged out	2024-09-03 01:36:26.980591	168.29.108.134
127	43	Viewed account balance	2024-09-03 01:36:26.980591	89.21.60.94
128	43	Logged out	2024-09-03 01:36:26.980591	112.220.165.144
129	43	Logged in	2024-09-03 01:36:26.980591	207.136.33.21
130	44	Logged out	2024-09-03 01:36:26.980591	173.45.146.10
131	44	Transferred funds	2024-09-03 01:36:26.980591	4.85.232.245
132	44	Viewed account balance	2024-09-03 01:36:26.980591	84.247.167.111
133	44	Transferred funds	2024-09-03 01:36:26.980591	152.122.154.12
134	45	Transferred funds	2024-09-03 01:36:26.980591	95.65.49.25
135	45	Logged in	2024-09-03 01:36:26.980591	10.133.140.227
136	45	Viewed account balance	2024-09-03 01:36:26.980591	80.8.192.70
137	45	Viewed account balance	2024-09-03 01:36:26.980591	22.10.43.161
138	46	Viewed account balance	2024-09-03 01:36:26.980591	175.139.71.115
139	47	Logged in	2024-09-03 01:36:26.980591	150.34.69.242
140	47	Viewed account balance	2024-09-03 01:36:26.980591	102.199.153.195
141	47	Logged in	2024-09-03 01:36:26.980591	113.225.184.122
142	48	Logged in	2024-09-03 01:36:26.980591	23.1.162.122
143	49	Logged in	2024-09-03 01:36:26.980591	186.26.43.19
144	49	Logged in	2024-09-03 01:36:26.980591	93.89.184.126
145	49	Logged in	2024-09-03 01:36:26.980591	9.49.108.95
146	50	Logged in	2024-09-03 01:36:26.980591	87.122.199.128
147	50	Logged in	2024-09-03 01:36:26.980591	193.91.246.150
148	50	Logged out	2024-09-03 01:36:26.980591	220.111.154.79
149	51	Logged in	2024-09-03 01:36:26.980591	215.177.82.72
150	51	Viewed account balance	2024-09-03 01:36:26.980591	71.233.122.201
151	51	Transferred funds	2024-09-03 01:36:26.980591	9.113.36.3
152	51	Viewed account balance	2024-09-03 01:36:26.980591	68.8.44.175
153	51	Logged out	2024-09-03 01:36:26.980591	15.49.148.84
154	52	Logged in	2024-09-03 01:36:26.980591	41.245.111.9
155	53	Viewed account balance	2024-09-03 01:36:26.980591	13.153.214.233
156	53	Logged in	2024-09-03 01:36:26.980591	149.152.227.85
157	53	Transferred funds	2024-09-03 01:36:26.980591	170.29.224.79
158	53	Logged out	2024-09-03 01:36:26.980591	65.188.100.10
159	53	Logged in	2024-09-03 01:36:26.980591	49.133.106.221
160	54	Transferred funds	2024-09-03 01:36:26.980591	175.168.151.82
161	54	Transferred funds	2024-09-03 01:36:26.980591	75.67.20.237
162	55	Transferred funds	2024-09-03 01:36:26.980591	80.169.158.22
163	55	Viewed account balance	2024-09-03 01:36:26.980591	159.207.97.55
164	56	Logged out	2024-09-03 01:36:26.980591	187.56.176.254
165	57	Viewed account balance	2024-09-03 01:36:26.980591	88.18.27.245
166	58	Logged in	2024-09-03 01:36:26.980591	140.123.83.50
167	58	Logged in	2024-09-03 01:36:26.980591	192.167.37.57
168	58	Logged out	2024-09-03 01:36:26.980591	183.156.51.239
169	59	Logged in	2024-09-03 01:36:26.980591	122.155.94.113
170	59	Viewed account balance	2024-09-03 01:36:26.980591	33.24.16.91
171	59	Transferred funds	2024-09-03 01:36:26.980591	123.47.61.74
172	59	Viewed account balance	2024-09-03 01:36:26.980591	87.191.251.183
173	60	Transferred funds	2024-09-03 01:36:26.980591	122.192.176.73
174	60	Transferred funds	2024-09-03 01:36:26.980591	125.229.20.176
175	60	Logged in	2024-09-03 01:36:26.980591	171.159.217.6
176	60	Logged in	2024-09-03 01:36:26.980591	67.88.40.27
177	61	Logged out	2024-09-03 01:36:26.980591	148.87.95.218
178	61	Logged out	2024-09-03 01:36:26.980591	83.251.18.28
179	62	Logged in	2024-09-03 01:36:26.980591	196.35.23.180
180	62	Viewed account balance	2024-09-03 01:36:26.980591	47.238.191.171
181	63	Logged in	2024-09-03 01:36:26.980591	203.49.159.100
182	63	Viewed account balance	2024-09-03 01:36:26.980591	76.194.80.183
183	63	Logged in	2024-09-03 01:36:26.980591	184.185.124.18
184	63	Logged in	2024-09-03 01:36:26.980591	20.19.99.122
185	63	Viewed account balance	2024-09-03 01:36:26.980591	49.40.104.248
186	64	Viewed account balance	2024-09-03 01:36:26.980591	8.185.125.120
187	64	Logged out	2024-09-03 01:36:26.980591	76.131.172.108
188	65	Logged out	2024-09-03 01:36:26.980591	186.205.171.131
189	65	Logged in	2024-09-03 01:36:26.980591	14.198.215.121
190	65	Logged in	2024-09-03 01:36:26.980591	126.126.131.2
191	65	Logged in	2024-09-03 01:36:26.980591	97.184.185.67
192	66	Viewed account balance	2024-09-03 01:36:26.980591	124.136.18.76
193	66	Transferred funds	2024-09-03 01:36:26.980591	192.53.86.1
194	66	Logged in	2024-09-03 01:36:26.980591	137.45.101.19
195	66	Logged out	2024-09-03 01:36:26.980591	164.169.33.33
196	67	Transferred funds	2024-09-03 01:36:26.980591	115.88.163.133
197	67	Logged out	2024-09-03 01:36:26.980591	35.45.124.4
198	68	Logged in	2024-09-03 01:36:26.980591	100.237.108.78
199	68	Transferred funds	2024-09-03 01:36:26.980591	75.33.32.16
200	68	Logged out	2024-09-03 01:36:26.980591	174.73.185.215
201	69	Logged in	2024-09-03 01:36:26.980591	94.68.185.2
202	69	Logged in	2024-09-03 01:36:26.980591	58.64.84.193
203	70	Viewed account balance	2024-09-03 01:36:26.980591	146.160.200.80
204	70	Transferred funds	2024-09-03 01:36:26.980591	19.49.24.233
205	71	Logged in	2024-09-03 01:36:26.980591	134.135.161.197
206	71	Logged out	2024-09-03 01:36:26.980591	146.109.17.127
207	71	Logged out	2024-09-03 01:36:26.980591	89.139.82.23
208	71	Viewed account balance	2024-09-03 01:36:26.980591	83.47.225.250
209	72	Logged in	2024-09-03 01:36:26.980591	178.59.173.232
210	72	Viewed account balance	2024-09-03 01:36:26.980591	113.115.94.113
211	72	Viewed account balance	2024-09-03 01:36:26.980591	59.35.172.173
212	72	Logged out	2024-09-03 01:36:26.980591	148.8.135.208
213	72	Viewed account balance	2024-09-03 01:36:26.980591	141.62.234.52
214	73	Transferred funds	2024-09-03 01:36:26.980591	21.8.81.147
215	74	Viewed account balance	2024-09-03 01:36:26.980591	83.213.92.98
216	75	Transferred funds	2024-09-03 01:36:26.980591	65.242.208.130
217	75	Viewed account balance	2024-09-03 01:36:26.980591	132.120.142.7
218	75	Transferred funds	2024-09-03 01:36:26.980591	63.116.231.48
219	75	Logged in	2024-09-03 01:36:26.980591	65.129.195.10
220	76	Transferred funds	2024-09-03 01:36:26.980591	120.48.130.158
221	76	Viewed account balance	2024-09-03 01:36:26.980591	152.41.224.55
222	77	Logged in	2024-09-03 01:36:26.980591	77.238.185.172
223	77	Viewed account balance	2024-09-03 01:36:26.980591	157.113.71.242
224	77	Logged out	2024-09-03 01:36:26.980591	151.99.66.48
225	77	Viewed account balance	2024-09-03 01:36:26.980591	48.14.100.158
226	77	Logged out	2024-09-03 01:36:26.980591	9.106.33.193
227	78	Viewed account balance	2024-09-03 01:36:26.980591	190.105.2.103
228	79	Logged in	2024-09-03 01:36:26.980591	141.65.13.100
229	79	Logged in	2024-09-03 01:36:26.980591	2.186.149.109
230	80	Viewed account balance	2024-09-03 01:36:26.980591	79.146.41.242
231	80	Logged in	2024-09-03 01:36:26.980591	217.57.43.40
232	80	Logged out	2024-09-03 01:36:26.980591	222.167.206.20
233	80	Transferred funds	2024-09-03 01:36:26.980591	181.84.67.73
234	81	Transferred funds	2024-09-03 01:36:26.980591	47.101.107.179
235	81	Transferred funds	2024-09-03 01:36:26.980591	203.193.25.16
236	81	Viewed account balance	2024-09-03 01:36:26.980591	60.229.111.240
237	81	Viewed account balance	2024-09-03 01:36:26.980591	165.178.232.114
238	81	Transferred funds	2024-09-03 01:36:26.980591	219.6.113.145
239	82	Viewed account balance	2024-09-03 01:36:26.980591	84.233.45.10
240	82	Viewed account balance	2024-09-03 01:36:26.980591	89.143.243.224
241	82	Transferred funds	2024-09-03 01:36:26.980591	111.64.133.32
242	82	Transferred funds	2024-09-03 01:36:26.980591	78.143.81.101
243	82	Viewed account balance	2024-09-03 01:36:26.980591	42.226.233.155
244	83	Viewed account balance	2024-09-03 01:36:26.980591	62.213.191.220
245	83	Viewed account balance	2024-09-03 01:36:26.980591	12.184.146.140
246	84	Logged in	2024-09-03 01:36:26.980591	90.254.250.132
247	84	Transferred funds	2024-09-03 01:36:26.980591	20.52.126.202
248	85	Logged in	2024-09-03 01:36:26.980591	212.1.22.244
249	85	Transferred funds	2024-09-03 01:36:26.980591	180.184.28.31
250	85	Transferred funds	2024-09-03 01:36:26.980591	47.203.24.115
251	86	Transferred funds	2024-09-03 01:36:26.980591	194.122.27.165
252	86	Transferred funds	2024-09-03 01:36:26.980591	69.191.16.82
253	86	Transferred funds	2024-09-03 01:36:26.980591	88.114.20.79
254	87	Viewed account balance	2024-09-03 01:36:26.980591	216.244.100.90
255	87	Transferred funds	2024-09-03 01:36:26.980591	42.76.61.182
256	88	Transferred funds	2024-09-03 01:36:26.980591	38.217.230.92
257	88	Transferred funds	2024-09-03 01:36:26.980591	28.159.88.124
258	89	Logged out	2024-09-03 01:36:26.980591	179.42.28.187
259	89	Logged in	2024-09-03 01:36:26.980591	159.10.4.172
260	90	Viewed account balance	2024-09-03 01:36:26.980591	192.40.140.206
261	90	Logged out	2024-09-03 01:36:26.980591	44.161.49.71
262	91	Logged in	2024-09-03 01:36:26.980591	169.221.234.29
263	91	Viewed account balance	2024-09-03 01:36:26.980591	109.161.164.169
264	91	Transferred funds	2024-09-03 01:36:26.980591	5.181.88.164
265	91	Logged out	2024-09-03 01:36:26.980591	40.80.43.58
266	92	Viewed account balance	2024-09-03 01:36:26.980591	115.78.63.214
267	92	Transferred funds	2024-09-03 01:36:26.980591	98.224.19.216
268	92	Logged in	2024-09-03 01:36:26.980591	121.202.165.59
269	92	Logged out	2024-09-03 01:36:26.980591	155.77.53.106
270	93	Viewed account balance	2024-09-03 01:36:26.980591	173.186.76.222
271	93	Logged out	2024-09-03 01:36:26.980591	123.108.152.114
272	93	Logged in	2024-09-03 01:36:26.980591	136.200.228.165
273	94	Logged out	2024-09-03 01:36:26.980591	93.129.22.72
274	94	Logged out	2024-09-03 01:36:26.980591	188.120.121.131
275	95	Viewed account balance	2024-09-03 01:36:26.980591	107.21.250.44
276	96	Logged out	2024-09-03 01:36:26.980591	82.39.175.18
277	96	Logged in	2024-09-03 01:36:26.980591	97.174.123.34
278	96	Viewed account balance	2024-09-03 01:36:26.980591	25.186.187.50
279	97	Logged out	2024-09-03 01:36:26.980591	55.212.51.200
280	97	Logged out	2024-09-03 01:36:26.980591	47.172.246.1
281	97	Viewed account balance	2024-09-03 01:36:26.980591	107.215.94.52
282	97	Logged out	2024-09-03 01:36:26.980591	22.115.249.186
283	98	Logged in	2024-09-03 01:36:26.980591	4.107.233.99
284	98	Logged out	2024-09-03 01:36:26.980591	122.68.226.71
285	98	Logged out	2024-09-03 01:36:26.980591	114.119.70.9
286	98	Viewed account balance	2024-09-03 01:36:26.980591	204.109.52.154
287	98	Logged out	2024-09-03 01:36:26.980591	137.81.108.155
288	99	Logged out	2024-09-03 01:36:26.980591	65.32.134.232
289	99	Viewed account balance	2024-09-03 01:36:26.980591	186.19.157.230
290	99	Viewed account balance	2024-09-03 01:36:26.980591	144.106.51.200
291	99	Logged in	2024-09-03 01:36:26.980591	69.123.48.13
292	100	Viewed account balance	2024-09-03 01:36:26.980591	174.75.213.108
293	100	Viewed account balance	2024-09-03 01:36:26.980591	19.125.8.3
294	100	Transferred funds	2024-09-03 01:36:26.980591	106.168.232.17
295	100	Transferred funds	2024-09-03 01:36:26.980591	49.201.239.3
296	\N	Logged out	2024-09-03 03:59:20.126826	166.7.8.57
297	\N	Logged out	2024-09-03 03:59:20.126826	187.171.182.225
298	\N	Logged in	2024-09-03 03:59:20.126826	153.81.98.223
299	\N	Viewed account balance	2024-09-03 03:59:20.126826	223.216.220.121
300	\N	Logged out	2024-09-03 03:59:20.126826	83.47.30.189
301	\N	Transferred funds	2024-09-03 03:59:20.126826	22.124.99.75
302	\N	Transferred funds	2024-09-03 03:59:20.126826	165.93.94.242
303	\N	Logged in	2024-09-03 03:59:20.126826	25.20.85.60
304	\N	Logged in	2024-09-03 03:59:20.126826	216.251.213.92
305	\N	Logged in	2024-09-03 03:59:20.126826	4.225.197.40
306	\N	Transferred funds	2024-09-03 03:59:20.126826	149.77.187.127
307	\N	Transferred funds	2024-09-03 03:59:20.126826	111.161.150.89
308	\N	Logged in	2024-09-03 03:59:20.126826	147.30.4.104
309	\N	Transferred funds	2024-09-03 03:59:20.126826	208.235.110.180
310	\N	Viewed account balance	2024-09-03 03:59:20.126826	134.12.167.232
311	\N	Logged in	2024-09-03 03:59:20.126826	63.200.206.49
312	\N	Viewed account balance	2024-09-03 03:59:20.126826	8.149.213.243
313	\N	Logged out	2024-09-03 03:59:20.126826	196.135.132.197
314	\N	Logged in	2024-09-03 03:59:20.126826	153.127.60.167
315	\N	Transferred funds	2024-09-03 03:59:20.126826	37.224.185.135
316	\N	Logged in	2024-09-03 03:59:20.126826	34.3.183.42
317	\N	Transferred funds	2024-09-03 03:59:20.126826	88.162.150.56
318	\N	Logged in	2024-09-03 03:59:20.126826	30.70.44.198
319	\N	Viewed account balance	2024-09-03 03:59:20.126826	106.203.200.83
320	\N	Logged in	2024-09-03 03:59:20.126826	150.197.29.255
321	\N	Viewed account balance	2024-09-03 03:59:20.126826	187.71.208.218
322	\N	Logged out	2024-09-03 03:59:20.126826	183.249.164.42
323	\N	Viewed account balance	2024-09-03 03:59:20.126826	81.112.162.39
324	\N	Logged out	2024-09-03 03:59:20.126826	86.168.230.32
325	\N	Logged out	2024-09-03 03:59:20.126826	146.116.35.198
326	\N	Logged in	2024-09-03 03:59:20.126826	116.232.187.58
327	\N	Logged out	2024-09-03 03:59:20.126826	49.54.23.206
328	\N	Logged in	2024-09-03 03:59:20.126826	204.196.23.153
329	\N	Transferred funds	2024-09-03 03:59:20.126826	44.194.143.202
330	\N	Logged out	2024-09-03 03:59:20.126826	120.92.117.135
331	\N	Viewed account balance	2024-09-03 03:59:20.126826	151.146.243.73
332	\N	Logged out	2024-09-03 03:59:20.126826	211.124.252.46
333	\N	Transferred funds	2024-09-03 03:59:20.126826	145.85.226.255
334	\N	Logged in	2024-09-03 03:59:20.126826	161.32.12.250
335	\N	Viewed account balance	2024-09-03 03:59:20.126826	196.234.7.105
336	\N	Transferred funds	2024-09-03 03:59:20.126826	178.24.72.236
337	\N	Logged out	2024-09-03 03:59:20.126826	10.196.7.21
338	\N	Logged in	2024-09-03 03:59:20.126826	1.158.79.74
339	\N	Viewed account balance	2024-09-03 03:59:20.126826	208.7.194.245
340	\N	Logged in	2024-09-03 03:59:20.126826	117.4.10.113
341	\N	Logged out	2024-09-03 03:59:20.126826	94.43.200.107
342	\N	Transferred funds	2024-09-03 03:59:20.126826	101.142.3.106
343	\N	Viewed account balance	2024-09-03 03:59:20.126826	210.13.87.85
344	\N	Viewed account balance	2024-09-03 03:59:20.126826	198.222.216.229
345	\N	Logged in	2024-09-03 03:59:20.126826	152.156.253.75
346	\N	Logged in	2024-09-03 03:59:20.126826	154.185.254.247
347	\N	Viewed account balance	2024-09-03 03:59:20.126826	193.82.76.82
348	\N	Logged out	2024-09-03 03:59:20.126826	217.38.118.180
349	\N	Logged out	2024-09-03 03:59:20.126826	119.224.199.46
350	\N	Logged in	2024-09-03 03:59:20.126826	141.30.182.133
351	\N	Logged out	2024-09-03 03:59:20.126826	128.87.133.173
352	\N	Transferred funds	2024-09-03 03:59:20.126826	98.73.247.252
353	\N	Viewed account balance	2024-09-03 03:59:20.126826	115.9.32.83
354	\N	Logged in	2024-09-03 03:59:20.126826	163.99.107.185
355	\N	Logged out	2024-09-03 03:59:20.126826	194.131.39.166
356	\N	Logged out	2024-09-03 03:59:20.126826	151.159.7.128
357	\N	Viewed account balance	2024-09-03 03:59:20.126826	212.35.95.147
358	\N	Viewed account balance	2024-09-03 03:59:20.126826	144.169.215.86
359	\N	Viewed account balance	2024-09-03 03:59:20.126826	210.85.23.94
360	\N	Viewed account balance	2024-09-03 03:59:20.126826	184.255.96.42
361	\N	Transferred funds	2024-09-03 03:59:20.126826	93.80.173.50
362	\N	Logged in	2024-09-03 03:59:20.126826	221.212.148.10
363	\N	Logged out	2024-09-03 03:59:20.126826	17.38.70.177
364	\N	Logged in	2024-09-03 03:59:20.126826	77.122.199.34
365	\N	Viewed account balance	2024-09-03 03:59:20.126826	160.72.188.86
366	\N	Viewed account balance	2024-09-03 03:59:20.126826	87.132.99.163
367	\N	Transferred funds	2024-09-03 03:59:20.126826	162.139.32.207
368	\N	Transferred funds	2024-09-03 03:59:20.126826	63.161.230.216
369	\N	Logged in	2024-09-03 03:59:20.126826	197.232.58.161
370	\N	Transferred funds	2024-09-03 03:59:20.126826	222.172.91.18
371	\N	Transferred funds	2024-09-03 03:59:20.126826	216.35.118.44
372	\N	Transferred funds	2024-09-03 03:59:20.126826	103.249.179.218
373	\N	Logged in	2024-09-03 03:59:20.126826	13.194.61.182
374	\N	Logged out	2024-09-03 03:59:20.126826	43.73.250.93
375	\N	Logged in	2024-09-03 03:59:20.126826	65.109.64.203
376	\N	Transferred funds	2024-09-03 03:59:20.126826	199.93.188.6
377	\N	Logged in	2024-09-03 03:59:20.126826	2.133.137.237
378	\N	Viewed account balance	2024-09-03 03:59:20.126826	165.54.68.213
379	\N	Logged in	2024-09-03 03:59:20.126826	108.108.1.195
380	\N	Transferred funds	2024-09-03 03:59:20.126826	104.104.11.150
381	\N	Viewed account balance	2024-09-03 03:59:20.126826	158.135.206.132
382	\N	Logged out	2024-09-03 03:59:20.126826	217.40.114.208
383	\N	Logged in	2024-09-03 03:59:20.126826	195.132.93.207
384	\N	Logged out	2024-09-03 03:59:20.126826	99.84.133.191
385	\N	Transferred funds	2024-09-03 03:59:20.126826	158.184.67.66
386	\N	Logged out	2024-09-03 03:59:20.126826	141.240.89.129
387	\N	Logged in	2024-09-03 03:59:20.126826	116.32.56.69
388	\N	Logged in	2024-09-03 03:59:20.126826	138.117.239.207
389	\N	Logged in	2024-09-03 03:59:20.126826	44.151.52.47
390	\N	Viewed account balance	2024-09-03 03:59:20.126826	84.94.81.2
391	\N	Viewed account balance	2024-09-03 03:59:20.126826	101.124.30.133
392	\N	Logged out	2024-09-03 03:59:20.126826	41.87.67.67
393	\N	Transferred funds	2024-09-03 03:59:20.126826	209.73.161.181
394	\N	Transferred funds	2024-09-03 03:59:20.126826	24.242.73.70
395	\N	Viewed account balance	2024-09-03 03:59:20.126826	177.109.58.233
396	\N	Logged in	2024-09-03 03:59:20.126826	179.102.91.196
397	\N	Viewed account balance	2024-09-03 03:59:20.126826	39.78.14.164
398	\N	Logged in	2024-09-03 03:59:20.126826	70.218.246.69
399	\N	Logged out	2024-09-03 03:59:20.126826	191.40.147.200
400	\N	Transferred funds	2024-09-03 03:59:20.126826	159.185.239.245
401	\N	Viewed account balance	2024-09-03 03:59:20.126826	48.69.47.53
402	\N	Logged out	2024-09-03 03:59:20.126826	169.242.206.15
403	\N	Logged in	2024-09-03 03:59:20.126826	2.229.108.84
404	\N	Logged in	2024-09-03 03:59:20.126826	135.247.100.110
405	\N	Viewed account balance	2024-09-03 03:59:20.126826	18.250.58.146
406	\N	Logged out	2024-09-03 03:59:20.126826	219.49.171.168
407	\N	Logged out	2024-09-03 03:59:20.126826	110.48.245.14
408	\N	Logged out	2024-09-03 03:59:20.126826	25.60.72.233
409	\N	Logged out	2024-09-03 03:59:20.126826	75.159.188.181
410	\N	Logged out	2024-09-03 03:59:20.126826	146.184.192.209
411	\N	Transferred funds	2024-09-03 03:59:20.126826	143.186.13.123
412	\N	Logged in	2024-09-03 03:59:20.126826	176.74.135.135
413	\N	Transferred funds	2024-09-03 03:59:20.126826	189.24.217.107
414	\N	Logged in	2024-09-03 03:59:20.126826	131.195.46.7
415	\N	Viewed account balance	2024-09-03 03:59:20.126826	72.72.149.163
416	\N	Viewed account balance	2024-09-03 03:59:20.126826	80.102.29.253
417	\N	Transferred funds	2024-09-03 03:59:20.126826	36.226.141.116
418	\N	Transferred funds	2024-09-03 03:59:20.126826	148.225.211.68
419	\N	Logged in	2024-09-03 03:59:20.126826	94.14.61.216
420	\N	Logged out	2024-09-03 03:59:20.126826	150.84.240.221
421	\N	Viewed account balance	2024-09-03 03:59:20.126826	126.78.180.249
422	\N	Logged in	2024-09-03 03:59:20.126826	92.254.75.14
423	\N	Viewed account balance	2024-09-03 03:59:20.126826	29.70.162.91
424	\N	Logged out	2024-09-03 03:59:20.126826	152.248.213.195
425	\N	Logged out	2024-09-03 03:59:20.126826	146.121.165.11
426	\N	Logged in	2024-09-03 03:59:20.126826	45.78.192.182
427	\N	Viewed account balance	2024-09-03 03:59:20.126826	18.241.129.47
428	\N	Transferred funds	2024-09-03 03:59:20.126826	56.92.102.27
429	\N	Logged in	2024-09-03 03:59:20.126826	125.213.124.138
430	\N	Logged out	2024-09-03 03:59:20.126826	151.91.186.163
431	\N	Logged in	2024-09-03 03:59:20.126826	199.14.125.146
432	\N	Viewed account balance	2024-09-03 03:59:20.126826	156.109.47.236
433	\N	Logged in	2024-09-03 03:59:20.126826	66.69.83.119
434	\N	Viewed account balance	2024-09-03 03:59:20.126826	51.64.102.99
435	\N	Logged out	2024-09-03 03:59:20.126826	24.15.236.97
436	\N	Viewed account balance	2024-09-03 03:59:20.126826	154.36.183.4
437	\N	Transferred funds	2024-09-03 03:59:20.126826	110.45.195.209
438	\N	Viewed account balance	2024-09-03 03:59:20.126826	177.15.117.182
439	\N	Logged in	2024-09-03 03:59:20.126826	126.172.239.183
440	\N	Viewed account balance	2024-09-03 03:59:20.126826	64.68.69.225
441	\N	Logged out	2024-09-03 03:59:20.126826	110.125.246.20
442	\N	Logged out	2024-09-03 03:59:20.126826	206.96.43.226
443	\N	Transferred funds	2024-09-03 03:59:20.126826	87.135.247.165
444	\N	Viewed account balance	2024-09-03 03:59:20.126826	15.14.137.42
445	\N	Viewed account balance	2024-09-03 03:59:20.126826	61.38.112.244
446	\N	Logged out	2024-09-03 03:59:20.126826	77.210.43.102
447	\N	Logged in	2024-09-03 03:59:20.126826	163.234.48.20
448	\N	Logged out	2024-09-03 03:59:20.126826	10.119.191.66
449	\N	Logged in	2024-09-03 03:59:20.126826	64.58.36.52
450	\N	Logged in	2024-09-03 03:59:20.126826	22.102.105.60
451	\N	Transferred funds	2024-09-03 03:59:20.126826	157.106.198.184
452	\N	Logged in	2024-09-03 03:59:20.126826	115.226.135.41
453	\N	Logged in	2024-09-03 03:59:20.126826	132.7.212.234
454	\N	Viewed account balance	2024-09-03 03:59:20.126826	98.126.42.49
455	\N	Logged in	2024-09-03 03:59:20.126826	189.72.234.186
456	\N	Logged in	2024-09-03 03:59:20.126826	9.8.248.38
457	\N	Viewed account balance	2024-09-03 03:59:20.126826	66.27.115.73
458	\N	Logged out	2024-09-03 03:59:20.126826	95.80.172.137
459	\N	Logged in	2024-09-03 03:59:20.126826	11.213.222.25
460	\N	Viewed account balance	2024-09-03 03:59:20.126826	112.209.133.45
461	\N	Logged out	2024-09-03 03:59:20.126826	124.20.190.175
462	\N	Transferred funds	2024-09-03 03:59:20.126826	207.23.132.156
463	\N	Logged in	2024-09-03 03:59:20.126826	106.78.33.24
464	\N	Transferred funds	2024-09-03 03:59:20.126826	200.234.154.56
465	\N	Logged in	2024-09-03 03:59:20.126826	204.96.109.75
466	\N	Transferred funds	2024-09-03 03:59:20.126826	142.226.47.17
467	\N	Logged out	2024-09-03 03:59:20.126826	121.188.28.217
468	\N	Logged in	2024-09-03 03:59:20.126826	49.74.14.109
469	\N	Logged in	2024-09-03 03:59:20.126826	7.190.23.165
470	\N	Logged in	2024-09-03 03:59:20.126826	163.103.132.115
471	\N	Logged in	2024-09-03 03:59:20.126826	12.43.185.128
472	\N	Transferred funds	2024-09-03 03:59:20.126826	71.55.53.103
473	\N	Transferred funds	2024-09-03 03:59:20.126826	158.85.104.16
474	\N	Logged out	2024-09-03 03:59:20.126826	88.139.242.88
475	\N	Logged in	2024-09-03 03:59:20.126826	153.194.22.65
476	\N	Transferred funds	2024-09-03 03:59:20.126826	56.28.164.20
477	\N	Viewed account balance	2024-09-03 03:59:20.126826	142.151.93.39
478	\N	Logged in	2024-09-03 03:59:20.126826	28.184.132.185
479	\N	Transferred funds	2024-09-03 03:59:20.126826	96.151.161.68
480	\N	Logged in	2024-09-03 03:59:20.126826	156.79.42.222
481	\N	Transferred funds	2024-09-03 03:59:20.126826	111.32.178.40
482	\N	Logged in	2024-09-03 03:59:20.126826	128.223.15.81
483	\N	Viewed account balance	2024-09-03 03:59:20.126826	11.38.211.183
484	\N	Logged out	2024-09-03 03:59:20.126826	8.111.131.129
485	\N	Transferred funds	2024-09-03 03:59:20.126826	64.178.237.181
486	\N	Viewed account balance	2024-09-03 03:59:20.126826	128.87.133.159
487	\N	Transferred funds	2024-09-03 03:59:20.126826	24.107.77.121
488	\N	Logged in	2024-09-03 03:59:20.126826	165.133.90.226
489	\N	Viewed account balance	2024-09-03 03:59:20.126826	154.8.66.194
490	\N	Logged in	2024-09-03 03:59:20.126826	6.128.111.22
491	\N	Transferred funds	2024-09-03 03:59:20.126826	72.42.114.199
492	\N	Logged in	2024-09-03 03:59:20.126826	209.120.94.171
493	\N	Logged in	2024-09-03 03:59:20.126826	59.89.165.220
494	\N	Viewed account balance	2024-09-03 03:59:20.126826	177.212.12.145
495	\N	Transferred funds	2024-09-03 03:59:20.126826	110.64.47.223
496	\N	Logged in	2024-09-03 03:59:20.126826	138.154.19.22
497	\N	Transferred funds	2024-09-03 03:59:20.126826	80.114.131.190
498	\N	Transferred funds	2024-09-03 03:59:20.126826	186.155.23.11
499	\N	Logged in	2024-09-03 03:59:20.126826	21.102.74.141
500	\N	Transferred funds	2024-09-03 03:59:20.126826	191.64.219.204
501	\N	Logged in	2024-09-03 03:59:20.126826	114.220.55.126
502	\N	Transferred funds	2024-09-03 03:59:20.126826	208.101.13.186
503	\N	Logged in	2024-09-03 03:59:20.126826	40.19.159.12
504	\N	Logged out	2024-09-03 03:59:20.126826	186.163.13.97
505	\N	Logged out	2024-09-03 03:59:20.126826	35.220.90.53
506	\N	Logged in	2024-09-03 03:59:20.126826	10.14.199.112
507	\N	Logged in	2024-09-03 03:59:20.126826	146.112.133.27
508	\N	Viewed account balance	2024-09-03 03:59:20.126826	40.235.185.11
509	\N	Logged in	2024-09-03 03:59:20.126826	155.191.20.12
510	\N	Viewed account balance	2024-09-03 03:59:20.126826	139.74.80.111
511	\N	Logged in	2024-09-03 03:59:20.126826	179.242.179.92
512	\N	Transferred funds	2024-09-03 03:59:20.126826	40.97.211.176
513	\N	Viewed account balance	2024-09-03 03:59:20.126826	48.128.215.148
514	\N	Transferred funds	2024-09-03 03:59:20.126826	84.103.155.181
515	\N	Transferred funds	2024-09-03 03:59:20.126826	98.217.69.96
516	\N	Logged in	2024-09-03 03:59:20.126826	209.73.132.89
517	\N	Transferred funds	2024-09-03 03:59:20.126826	146.212.87.134
518	\N	Logged in	2024-09-03 03:59:20.126826	197.84.104.95
519	\N	Logged out	2024-09-03 03:59:20.126826	156.164.93.206
520	\N	Transferred funds	2024-09-03 03:59:20.126826	201.102.37.131
521	\N	Transferred funds	2024-09-03 03:59:20.126826	212.41.115.91
522	\N	Transferred funds	2024-09-03 03:59:20.126826	81.206.142.229
523	\N	Transferred funds	2024-09-03 03:59:20.126826	64.133.119.119
524	\N	Logged in	2024-09-03 03:59:20.126826	132.82.7.34
525	\N	Logged in	2024-09-03 03:59:20.126826	83.186.85.84
526	\N	Logged out	2024-09-03 03:59:20.126826	42.27.27.147
527	\N	Logged out	2024-09-03 03:59:20.126826	198.111.57.214
528	\N	Logged in	2024-09-03 03:59:20.126826	110.161.33.45
529	\N	Transferred funds	2024-09-03 03:59:20.126826	198.133.111.162
530	\N	Transferred funds	2024-09-03 03:59:20.126826	80.86.23.106
531	\N	Transferred funds	2024-09-03 03:59:20.126826	115.126.161.97
532	\N	Transferred funds	2024-09-03 03:59:20.126826	192.14.133.38
533	\N	Logged in	2024-09-03 03:59:20.126826	141.112.21.214
534	\N	Transferred funds	2024-09-03 03:59:20.126826	162.30.33.232
535	\N	Logged out	2024-09-03 03:59:20.126826	155.164.22.187
536	\N	Logged in	2024-09-03 03:59:20.126826	129.235.151.88
537	\N	Logged in	2024-09-03 03:59:20.126826	6.109.198.48
538	\N	Transferred funds	2024-09-03 03:59:20.126826	77.179.115.104
539	\N	Logged in	2024-09-03 03:59:20.126826	156.11.128.221
540	\N	Logged out	2024-09-03 03:59:20.126826	40.52.164.70
541	\N	Transferred funds	2024-09-03 03:59:20.126826	27.122.166.10
542	\N	Logged in	2024-09-03 03:59:20.126826	104.156.182.123
543	\N	Transferred funds	2024-09-03 03:59:20.126826	103.238.166.74
544	\N	Transferred funds	2024-09-03 03:59:20.126826	141.187.22.177
545	\N	Logged in	2024-09-03 03:59:20.126826	87.63.208.79
546	\N	Transferred funds	2024-09-03 03:59:20.126826	204.37.220.99
547	\N	Transferred funds	2024-09-03 03:59:20.126826	138.165.8.159
548	\N	Logged out	2024-09-03 03:59:20.126826	99.236.93.139
549	\N	Logged in	2024-09-03 03:59:20.126826	155.238.208.124
550	\N	Logged in	2024-09-03 03:59:20.126826	55.135.92.18
551	\N	Logged out	2024-09-03 03:59:20.126826	138.96.24.176
552	\N	Logged out	2024-09-03 03:59:20.126826	183.145.223.40
553	\N	Transferred funds	2024-09-03 03:59:20.126826	128.47.183.41
554	\N	Logged out	2024-09-03 03:59:20.126826	206.90.184.46
555	\N	Transferred funds	2024-09-03 03:59:20.126826	62.232.43.184
556	\N	Logged in	2024-09-03 03:59:20.126826	65.58.102.212
557	\N	Logged out	2024-09-03 03:59:20.126826	15.224.192.29
558	\N	Logged in	2024-09-03 03:59:20.126826	122.4.197.12
559	\N	Logged in	2024-09-03 03:59:20.126826	79.182.24.182
560	\N	Logged out	2024-09-03 03:59:20.126826	35.228.91.53
561	\N	Logged in	2024-09-03 03:59:20.126826	165.247.129.84
562	\N	Logged out	2024-09-03 03:59:20.126826	159.55.78.202
563	\N	Transferred funds	2024-09-03 03:59:20.126826	146.76.240.143
564	\N	Logged in	2024-09-03 03:59:20.126826	139.148.14.92
565	\N	Transferred funds	2024-09-03 03:59:20.126826	132.91.43.173
566	\N	Logged out	2024-09-03 03:59:20.126826	209.228.40.168
567	\N	Logged in	2024-09-03 03:59:20.126826	91.206.166.22
568	\N	Logged in	2024-09-03 03:59:20.126826	21.52.115.124
569	\N	Logged out	2024-09-03 03:59:20.126826	117.64.245.65
570	\N	Logged in	2024-09-03 03:59:20.126826	77.136.65.147
571	\N	Logged in	2024-09-03 03:59:20.126826	105.222.101.29
572	\N	Transferred funds	2024-09-03 03:59:20.126826	119.196.133.159
573	\N	Logged in	2024-09-03 03:59:20.126826	89.226.113.124
574	\N	Transferred funds	2024-09-03 03:59:20.126826	90.210.147.181
575	\N	Logged out	2024-09-03 03:59:20.126826	200.98.142.232
576	\N	Logged in	2024-09-03 03:59:20.126826	132.106.89.232
577	\N	Logged out	2024-09-03 03:59:20.126826	144.179.91.213
578	\N	Logged in	2024-09-03 03:59:20.126826	155.143.101.158
579	\N	Logged in	2024-09-03 03:59:20.126826	69.32.19.72
580	\N	Logged out	2024-09-03 03:59:20.126826	46.203.7.200
581	\N	Transferred funds	2024-09-03 03:59:20.126826	160.162.135.163
582	\N	Logged in	2024-09-03 03:59:20.126826	183.108.73.212
583	\N	Transferred funds	2024-09-03 03:59:20.126826	124.236.11.132
584	\N	Logged in	2024-09-03 03:59:20.126826	12.233.131.182
585	\N	Logged out	2024-09-03 03:59:20.126826	167.115.40.163
586	\N	Logged out	2024-09-03 03:59:20.126826	75.178.11.156
587	\N	Logged in	2024-09-03 03:59:20.126826	43.163.229.11
588	\N	Logged out	2024-09-03 03:59:20.126826	195.132.17.129
589	\N	Transferred funds	2024-09-03 03:59:20.126826	66.224.119.128
590	\N	Transferred funds	2024-09-03 03:59:20.126826	168.140.30.46
591	\N	Logged in	2024-09-03 03:59:20.126826	41.19.239.55
592	\N	Logged in	2024-09-03 03:59:20.126826	146.112.67.165
593	\N	Transferred funds	2024-09-03 03:59:20.126826	170.207.65.112
594	\N	Transferred funds	2024-09-03 03:59:20.126826	138.115.28.199
595	\N	Logged in	2024-09-03 03:59:20.126826	103.45.240.195
596	\N	Logged out	2024-09-03 03:59:20.126826	142.51.234.67
597	\N	Logged out	2024-09-03 03:59:20.126826	217.80.175.39
598	\N	Logged out	2024-09-03 03:59:20.126826	130.133.85.126
599	\N	Logged in	2024-09-03 03:59:20.126826	148.174.155.132
600	\N	Logged in	2024-09-03 03:59:20.126826	73.188.183.240
601	\N	Logged in	2024-09-03 03:59:20.126826	208.98.128.45
602	\N	Logged out	2024-09-03 03:59:20.126826	188.160.78.65
603	\N	Logged in	2024-09-03 03:59:20.126826	84.87.38.95
604	\N	Transferred funds	2024-09-03 03:59:20.126826	181.162.56.182
605	\N	Logged in	2024-09-03 03:59:20.126826	179.212.46.166
606	\N	Transferred funds	2024-09-03 03:59:20.126826	133.242.35.21
607	\N	Logged out	2024-09-03 03:59:20.126826	6.85.49.12
608	\N	Transferred funds	2024-09-03 03:59:20.126826	106.88.85.110
609	\N	Logged in	2024-09-03 03:59:20.126826	140.179.69.43
610	\N	Transferred funds	2024-09-03 03:59:20.126826	75.68.182.72
611	\N	Transferred funds	2024-09-03 03:59:20.126826	64.144.75.22
612	\N	Transferred funds	2024-09-03 03:59:20.126826	121.248.119.88
613	\N	Logged in	2024-09-03 03:59:20.126826	168.126.118.159
614	\N	Logged in	2024-09-03 03:59:20.126826	58.112.70.106
615	\N	Transferred funds	2024-09-03 03:59:20.126826	205.76.228.64
616	\N	Logged out	2024-09-03 03:59:20.126826	12.211.7.68
617	\N	Transferred funds	2024-09-03 03:59:20.126826	170.35.118.150
618	\N	Logged out	2024-09-03 03:59:20.126826	195.163.186.147
619	\N	Logged in	2024-09-03 03:59:20.126826	169.193.51.126
620	\N	Logged out	2024-09-03 03:59:20.126826	179.158.92.63
621	\N	Transferred funds	2024-09-03 03:59:20.126826	182.40.237.212
622	\N	Transferred funds	2024-09-03 03:59:20.126826	121.165.147.121
623	\N	Transferred funds	2024-09-03 03:59:20.126826	132.224.112.167
624	\N	Logged out	2024-09-03 03:59:20.126826	110.151.57.239
625	\N	Logged in	2024-09-03 03:59:20.126826	78.113.138.189
626	\N	Transferred funds	2024-09-03 03:59:20.126826	118.191.133.105
627	\N	Transferred funds	2024-09-03 03:59:20.126826	161.127.56.165
628	\N	Logged in	2024-09-03 03:59:20.126826	118.180.38.50
629	\N	Logged out	2024-09-03 03:59:20.126826	41.25.24.226
630	\N	Transferred funds	2024-09-03 03:59:20.126826	130.78.36.189
631	\N	Logged out	2024-09-03 03:59:20.126826	42.66.180.161
632	\N	Logged in	2024-09-03 03:59:20.126826	103.248.21.237
633	\N	Logged out	2024-09-03 03:59:20.126826	155.77.114.174
634	\N	Logged in	2024-09-03 03:59:20.126826	163.93.237.62
635	\N	Logged out	2024-09-03 03:59:20.126826	44.124.189.234
636	\N	Logged in	2024-09-03 03:59:20.126826	113.45.154.54
637	\N	Logged in	2024-09-03 03:59:20.126826	140.86.217.51
638	\N	Logged out	2024-09-03 03:59:20.126826	135.139.72.143
639	\N	Logged in	2024-09-03 03:59:20.126826	208.130.47.234
640	\N	Logged out	2024-09-03 03:59:20.126826	185.228.95.171
641	\N	Logged out	2024-09-03 03:59:20.126826	54.12.195.222
642	\N	Logged in	2024-09-03 03:59:20.126826	172.106.220.148
643	\N	Logged in	2024-09-03 03:59:20.126826	27.156.55.67
644	\N	Logged in	2024-09-03 03:59:20.126826	90.221.76.68
645	\N	Logged in	2024-09-03 03:59:20.126826	127.103.121.122
646	\N	Transferred funds	2024-09-03 03:59:20.126826	112.218.82.179
647	\N	Logged in	2024-09-03 03:59:20.126826	126.122.103.88
648	\N	Logged in	2024-09-03 03:59:20.126826	208.176.21.111
649	\N	Logged out	2024-09-03 03:59:20.126826	102.209.19.45
650	\N	Transferred funds	2024-09-03 03:59:20.126826	154.162.122.33
651	\N	Transferred funds	2024-09-03 03:59:20.126826	158.132.44.220
652	\N	Logged out	2024-09-03 03:59:20.126826	116.239.174.187
653	\N	Transferred funds	2024-09-03 03:59:20.126826	179.237.28.213
654	\N	Logged in	2024-09-03 03:59:20.126826	123.76.12.204
655	\N	Logged in	2024-09-03 03:59:20.126826	38.93.139.26
656	\N	Logged out	2024-09-03 03:59:20.126826	45.101.176.185
657	\N	Transferred funds	2024-09-03 03:59:20.126826	165.119.86.233
658	\N	Transferred funds	2024-09-03 03:59:20.126826	35.220.34.121
659	\N	Transferred funds	2024-09-03 03:59:20.126826	72.42.25.116
660	\N	Logged in	2024-09-03 03:59:20.126826	47.73.70.193
661	\N	Logged out	2024-09-03 03:59:20.126826	90.116.207.90
662	\N	Logged in	2024-09-03 03:59:20.126826	88.88.63.122
663	\N	Logged in	2024-09-03 03:59:20.126826	163.118.18.130
664	\N	Logged out	2024-09-03 03:59:20.126826	141.139.145.116
665	\N	Logged in	2024-09-03 03:59:20.126826	76.98.85.171
666	\N	Logged out	2024-09-03 03:59:20.126826	193.70.138.248
667	\N	Logged in	2024-09-03 03:59:20.126826	146.82.124.40
668	\N	Logged in	2024-09-03 03:59:20.126826	143.191.99.64
669	\N	Logged in	2024-09-03 03:59:20.126826	104.226.68.234
670	\N	Transferred funds	2024-09-03 03:59:20.126826	207.91.91.192
671	\N	Logged in	2024-09-03 03:59:20.126826	123.23.147.222
672	\N	Transferred funds	2024-09-03 03:59:20.126826	88.27.106.78
673	\N	Transferred funds	2024-09-03 03:59:20.126826	145.191.101.177
674	\N	Logged out	2024-09-03 03:59:20.126826	40.123.92.35
675	\N	Logged out	2024-09-03 03:59:20.126826	192.179.9.212
676	\N	Transferred funds	2024-09-03 03:59:20.126826	65.158.50.98
677	\N	Logged out	2024-09-03 03:59:20.126826	71.146.151.199
678	\N	Transferred funds	2024-09-03 03:59:20.126826	11.242.144.193
679	\N	Transferred funds	2024-09-03 03:59:20.126826	148.242.103.215
680	\N	Logged in	2024-09-03 03:59:20.126826	85.136.74.166
681	\N	Logged in	2024-09-03 03:59:20.126826	182.212.126.182
682	\N	Logged in	2024-09-03 03:59:20.126826	156.207.147.106
683	\N	Logged out	2024-09-03 03:59:20.126826	161.113.64.131
684	\N	Transferred funds	2024-09-03 03:59:20.126826	182.15.114.73
685	\N	Logged in	2024-09-03 03:59:20.126826	43.189.12.206
686	\N	Transferred funds	2024-09-03 03:59:20.126826	103.207.226.174
687	\N	Logged out	2024-09-03 03:59:20.126826	69.245.35.19
688	\N	Transferred funds	2024-09-03 03:59:20.126826	165.152.188.207
689	\N	Logged in	2024-09-03 03:59:20.126826	79.137.40.217
690	\N	Logged in	2024-09-03 03:59:20.126826	120.129.196.222
691	\N	Logged in	2024-09-03 03:59:20.126826	101.214.58.146
692	\N	Logged out	2024-09-03 03:59:20.126826	188.120.165.35
693	\N	Transferred funds	2024-09-03 03:59:20.126826	155.170.131.127
694	\N	Logged out	2024-09-03 03:59:20.126826	185.72.148.119
695	\N	Logged in	2024-09-03 03:59:20.126826	176.65.76.167
696	\N	Logged out	2024-09-03 03:59:20.126826	134.78.54.170
697	\N	Logged in	2024-09-03 03:59:20.126826	142.76.220.112
698	\N	Transferred funds	2024-09-03 03:59:20.126826	95.161.40.22
699	\N	Logged in	2024-09-03 03:59:20.126826	182.213.94.248
700	\N	Transferred funds	2024-09-03 03:59:20.126826	153.84.186.185
701	\N	Logged out	2024-09-03 03:59:20.126826	144.16.94.228
702	\N	Transferred funds	2024-09-03 03:59:20.126826	36.81.31.189
703	\N	Logged out	2024-09-03 03:59:20.126826	171.128.237.158
704	\N	Logged in	2024-09-03 03:59:20.126826	169.183.65.30
705	\N	Transferred funds	2024-09-03 03:59:20.126826	137.26.92.175
706	\N	Logged in	2024-09-03 03:59:20.126826	178.245.177.214
707	\N	Transferred funds	2024-09-03 03:59:20.126826	128.112.122.133
708	\N	Logged in	2024-09-03 03:59:20.126826	82.122.48.27
709	\N	Transferred funds	2024-09-03 03:59:20.126826	141.162.232.67
710	\N	Logged out	2024-09-03 03:59:20.126826	166.21.27.194
711	\N	Logged out	2024-09-03 03:59:20.126826	47.15.56.174
712	\N	Transferred funds	2024-09-03 03:59:20.126826	177.122.56.146
713	\N	Transferred funds	2024-09-03 03:59:20.126826	140.145.122.108
714	\N	Transferred funds	2024-09-03 03:59:20.126826	123.183.201.138
715	\N	Logged out	2024-09-03 03:59:20.126826	143.191.48.139
716	\N	Logged in	2024-09-03 03:59:20.126826	192.148.7.13
717	\N	Logged out	2024-09-03 03:59:20.126826	118.100.24.147
718	\N	Transferred funds	2024-09-03 03:59:20.126826	94.140.150.134
719	\N	Transferred funds	2024-09-03 03:59:20.126826	146.235.86.49
720	\N	Transferred funds	2024-09-03 03:59:20.126826	40.131.42.16
721	\N	Logged in	2024-09-03 03:59:20.126826	127.22.122.188
722	\N	Logged in	2024-09-03 03:59:20.126826	205.155.43.146
723	\N	Transferred funds	2024-09-03 03:59:20.126826	137.131.106.54
724	\N	Transferred funds	2024-09-03 03:59:20.126826	200.211.136.116
725	\N	Logged in	2024-09-03 03:59:20.126826	69.240.28.48
726	\N	Transferred funds	2024-09-03 03:59:20.126826	177.182.194.35
727	\N	Logged out	2024-09-03 03:59:20.126826	185.188.220.223
728	\N	Logged out	2024-09-03 03:59:20.126826	72.42.164.135
729	\N	Logged in	2024-09-03 03:59:20.126826	138.149.81.96
730	\N	Transferred funds	2024-09-03 03:59:20.126826	103.56.205.16
731	\N	Logged in	2024-09-03 03:59:20.126826	41.29.102.180
732	\N	Transferred funds	2024-09-03 03:59:20.126826	198.114.42.190
733	\N	Logged in	2024-09-03 03:59:20.126826	190.195.21.185
734	\N	Logged out	2024-09-03 03:59:20.126826	50.226.242.204
735	\N	Transferred funds	2024-09-03 03:59:20.126826	116.104.12.29
736	\N	Logged out	2024-09-03 03:59:20.126826	156.96.63.160
737	\N	Transferred funds	2024-09-03 03:59:20.126826	45.43.84.185
738	\N	Logged in	2024-09-03 03:59:20.126826	124.132.245.159
739	\N	Transferred funds	2024-09-03 03:59:20.126826	165.136.75.164
740	\N	Logged in	2024-09-03 03:59:20.126826	212.19.72.14
741	\N	Transferred funds	2024-09-03 03:59:20.126826	36.226.112.238
742	\N	Transferred funds	2024-09-03 03:59:20.126826	62.223.43.183
743	\N	Transferred funds	2024-09-03 03:59:20.126826	129.145.245.185
744	\N	Transferred funds	2024-09-03 03:59:20.126826	177.206.248.85
745	\N	Logged in	2024-09-03 03:59:20.126826	207.194.87.155
746	\N	Logged in	2024-09-03 03:59:20.126826	160.33.190.174
747	\N	Transferred funds	2024-09-03 03:59:20.126826	137.22.40.153
748	\N	Logged in	2024-09-03 03:59:20.126826	132.249.145.119
749	\N	Logged in	2024-09-03 03:59:20.126826	160.158.22.147
750	\N	Transferred funds	2024-09-03 03:59:20.126826	196.211.234.22
751	\N	Transferred funds	2024-09-03 03:59:20.126826	144.129.234.60
752	\N	Transferred funds	2024-09-03 03:59:20.126826	87.236.83.123
753	\N	Logged in	2024-09-03 03:59:20.126826	119.223.194.229
754	\N	Transferred funds	2024-09-03 03:59:20.126826	119.129.238.102
755	\N	Logged out	2024-09-03 03:59:20.126826	102.158.104.26
756	\N	Transferred funds	2024-09-03 03:59:20.126826	117.191.123.13
757	\N	Transferred funds	2024-09-03 03:59:20.126826	129.137.50.183
758	\N	Logged out	2024-09-03 03:59:20.126826	163.144.223.28
759	\N	Logged in	2024-09-03 03:59:20.126826	106.176.215.129
760	\N	Transferred funds	2024-09-03 03:59:20.126826	169.119.221.105
761	\N	Transferred funds	2024-09-03 03:59:20.126826	183.146.208.47
762	\N	Logged in	2024-09-03 03:59:20.126826	136.160.192.16
763	\N	Logged in	2024-09-03 03:59:20.126826	50.132.92.38
764	\N	Logged in	2024-09-03 03:59:20.126826	179.188.191.119
765	\N	Logged in	2024-09-03 03:59:20.126826	75.36.35.101
766	\N	Transferred funds	2024-09-03 03:59:20.126826	129.82.23.154
767	\N	Transferred funds	2024-09-03 03:59:20.126826	197.219.145.111
768	\N	Logged in	2024-09-03 03:59:20.126826	132.61.215.12
769	\N	Transferred funds	2024-09-03 03:59:20.126826	208.214.22.149
770	\N	Logged out	2024-09-03 03:59:20.126826	129.102.182.39
771	\N	Logged in	2024-09-03 03:59:20.126826	119.112.66.217
772	\N	Transferred funds	2024-09-03 03:59:20.126826	173.187.84.123
773	\N	Logged in	2024-09-03 03:59:20.126826	80.147.223.107
774	\N	Logged in	2024-09-03 03:59:20.126826	133.138.99.11
775	\N	Logged in	2024-09-03 03:59:20.126826	39.245.163.155
776	\N	Logged in	2024-09-03 03:59:20.126826	54.86.118.35
777	\N	Logged out	2024-09-03 03:59:20.126826	144.183.145.55
778	\N	Transferred funds	2024-09-03 03:59:20.126826	135.186.121.195
779	\N	Transferred funds	2024-09-03 03:59:20.126826	178.234.87.203
780	\N	Logged out	2024-09-03 03:59:20.126826	47.32.45.112
781	\N	Transferred funds	2024-09-03 03:59:20.126826	130.141.20.84
782	\N	Logged in	2024-09-03 03:59:20.126826	45.79.228.181
783	\N	Transferred funds	2024-09-03 03:59:20.126826	174.237.149.8
784	\N	Transferred funds	2024-09-03 03:59:20.126826	136.89.222.42
785	\N	Transferred funds	2024-09-03 03:59:20.126826	82.122.117.103
786	\N	Logged in	2024-09-03 03:59:20.126826	98.175.117.55
787	\N	Logged out	2024-09-03 03:59:20.126826	45.36.185.51
788	\N	Transferred funds	2024-09-03 03:59:20.126826	36.35.132.18
789	\N	Transferred funds	2024-09-03 03:59:20.126826	115.128.84.51
790	\N	Transferred funds	2024-09-03 03:59:20.126826	186.233.154.46
791	\N	Logged in	2024-09-03 03:59:20.126826	201.178.28.224
792	\N	Logged out	2024-09-03 03:59:20.126826	165.242.33.213
793	\N	Logged out	2024-09-03 03:59:20.126826	116.212.11.14
794	\N	Logged out	2024-09-03 03:59:20.126826	209.114.102.10
795	\N	Logged in	2024-09-03 03:59:20.126826	79.213.135.83
796	\N	Transferred funds	2024-09-03 03:59:20.126826	153.89.223.136
797	\N	Transferred funds	2024-09-03 03:59:20.126826	35.220.84.77
798	\N	Logged in	2024-09-03 03:59:20.126826	134.121.14.103
799	\N	Transferred funds	2024-09-03 03:59:20.126826	183.105.56.56
800	\N	Logged out	2024-09-03 03:59:20.126826	138.232.41.142
801	\N	Transferred funds	2024-09-03 03:59:20.126826	117.244.72.25
802	\N	Logged out	2024-09-03 03:59:20.126826	36.222.192.159
803	\N	Transferred funds	2024-09-03 03:59:20.126826	87.210.116.167
804	\N	Transferred funds	2024-09-03 03:59:20.126826	175.134.192.214
805	\N	Logged in	2024-09-03 03:59:20.126826	166.171.39.82
806	\N	Transferred funds	2024-09-03 03:59:20.126826	137.100.29.151
807	\N	Logged in	2024-09-03 03:59:20.126826	54.68.24.196
808	\N	Transferred funds	2024-09-03 03:59:20.126826	48.104.144.40
809	\N	Transferred funds	2024-09-03 03:59:20.126826	164.142.50.63
810	\N	Transferred funds	2024-09-03 03:59:20.126826	38.242.30.195
811	\N	Transferred funds	2024-09-03 03:59:20.126826	46.240.37.13
812	\N	Logged in	2024-09-03 03:59:20.126826	137.240.192.94
813	\N	Transferred funds	2024-09-03 03:59:20.126826	118.171.75.109
814	\N	Transferred funds	2024-09-03 03:59:20.126826	129.208.118.141
815	\N	Transferred funds	2024-09-03 03:59:20.126826	137.92.245.167
816	\N	Logged in	2024-09-03 03:59:20.126826	150.229.37.99
817	\N	Transferred funds	2024-09-03 03:59:20.126826	138.244.66.102
818	\N	Transferred funds	2024-09-03 03:59:20.126826	42.229.97.40
819	\N	Logged in	2024-09-03 03:59:20.126826	104.171.145.248
820	\N	Logged out	2024-09-03 03:59:20.126826	62.228.133.75
821	\N	Logged out	2024-09-03 03:59:20.126826	41.103.171.50
822	\N	Transferred funds	2024-09-03 03:59:20.126826	99.196.27.166
823	\N	Logged in	2024-09-03 03:59:20.126826	127.134.197.182
824	\N	Transferred funds	2024-09-03 03:59:20.126826	163.115.186.117
825	\N	Transferred funds	2024-09-03 03:59:20.126826	208.109.125.166
826	\N	Logged in	2024-09-03 03:59:20.126826	174.130.116.20
827	\N	Transferred funds	2024-09-03 03:59:20.126826	179.233.11.186
828	\N	Transferred funds	2024-09-03 03:59:20.126826	47.62.19.228
829	\N	Logged in	2024-09-03 03:59:20.126826	123.238.41.141
830	\N	Transferred funds	2024-09-03 03:59:20.126826	36.95.81.78
831	\N	Logged out	2024-09-03 03:59:20.126826	118.221.116.143
832	\N	Transferred funds	2024-09-03 03:59:20.126826	115.238.154.212
833	\N	Transferred funds	2024-09-03 03:59:20.126826	151.148.16.155
834	\N	Logged out	2024-09-03 03:59:20.126826	110.155.89.85
835	\N	Logged out	2024-09-03 03:59:20.126826	35.220.140.108
836	\N	Logged in	2024-09-03 03:59:20.126826	158.147.12.66
837	\N	Logged in	2024-09-03 03:59:20.126826	189.62.92.65
838	\N	Transferred funds	2024-09-03 03:59:20.126826	35.225.57.92
839	\N	Logged out	2024-09-03 03:59:20.126826	49.76.132.155
840	\N	Logged in	2024-09-03 03:59:20.126826	78.182.106.27
841	\N	Logged in	2024-09-03 03:59:20.126826	38.124.75.95
842	\N	Transferred funds	2024-09-03 03:59:20.126826	136.226.245.99
843	\N	Transferred funds	2024-09-03 03:59:20.126826	90.236.162.113
844	\N	Transferred funds	2024-09-03 03:59:20.126826	147.223.132.93
845	\N	Transferred funds	2024-09-03 03:59:20.126826	144.207.237.160
846	\N	Transferred funds	2024-09-03 03:59:20.126826	80.103.158.121
847	\N	Transferred funds	2024-09-03 03:59:20.126826	179.246.29.162
848	\N	Logged in	2024-09-03 03:59:20.126826	113.206.132.182
849	\N	Logged out	2024-09-03 03:59:20.126826	156.223.133.186
850	\N	Transferred funds	2024-09-03 03:59:20.126826	166.26.49.89
851	\N	Transferred funds	2024-09-03 03:59:20.126826	159.54.141.113
852	\N	Transferred funds	2024-09-03 03:59:20.126826	99.196.73.147
853	\N	Logged out	2024-09-03 03:59:20.126826	94.143.179.113
854	\N	Transferred funds	2024-09-03 03:59:20.126826	164.152.121.85
855	\N	Logged in	2024-09-03 03:59:20.126826	77.115.180.67
856	\N	Logged out	2024-09-03 03:59:20.126826	139.107.132.65
857	\N	Transferred funds	2024-09-03 03:59:20.126826	192.232.129.152
858	\N	Logged in	2024-09-03 03:59:20.126826	188.181.200.28
859	\N	Transferred funds	2024-09-03 03:59:20.126826	35.214.68.186
860	\N	Logged in	2024-09-03 03:59:20.126826	195.175.43.232
861	\N	Transferred funds	2024-09-03 03:59:20.126826	115.126.118.152
862	\N	Logged out	2024-09-03 03:59:20.126826	180.216.135.19
863	\N	Logged in	2024-09-03 03:59:20.126826	102.152.146.128
864	\N	Transferred funds	2024-09-03 03:59:20.126826	92.226.154.56
865	\N	Logged in	2024-09-03 03:59:20.126826	173.202.10.107
866	\N	Transferred funds	2024-09-03 03:59:20.126826	91.132.48.175
867	\N	Logged in	2024-09-03 03:59:20.126826	127.98.245.209
868	\N	Logged in	2024-09-03 03:59:20.126826	81.142.182.181
869	\N	Transferred funds	2024-09-03 03:59:20.126826	144.204.55.63
870	\N	Logged out	2024-09-03 03:59:20.126826	118.248.64.148
871	\N	Logged in	2024-09-03 03:59:20.126826	46.103.85.106
872	\N	Transferred funds	2024-09-03 03:59:20.126826	107.73.131.102
873	\N	Logged in	2024-09-03 03:59:20.126826	162.29.65.116
874	\N	Logged out	2024-09-03 03:59:20.126826	121.185.191.150
875	\N	Logged in	2024-09-03 03:59:20.126826	156.111.29.213
876	\N	Transferred funds	2024-09-03 03:59:20.126826	201.77.98.96
877	\N	Transferred funds	2024-09-03 03:59:20.126826	200.38.23.152
878	\N	Transferred funds	2024-09-03 03:59:20.126826	54.181.163.174
879	\N	Logged in	2024-09-03 03:59:20.126826	179.191.208.89
880	\N	Transferred funds	2024-09-03 03:59:20.126826	42.231.83.191
881	\N	Logged out	2024-09-03 03:59:20.126826	171.185.224.184
882	\N	Logged in	2024-09-03 03:59:20.126826	90.213.169.68
883	\N	Transferred funds	2024-09-03 03:59:20.126826	177.250.186.234
884	\N	Logged in	2024-09-03 03:59:20.126826	144.72.188.78
885	\N	Transferred funds	2024-09-03 03:59:20.126826	133.238.134.126
886	\N	Transferred funds	2024-09-03 03:59:20.126826	153.174.110.118
887	\N	Logged in	2024-09-03 03:59:20.126826	184.229.142.124
888	\N	Transferred funds	2024-09-03 03:59:20.126826	91.182.234.135
889	\N	Transferred funds	2024-09-03 03:59:20.126826	142.178.190.90
890	\N	Transferred funds	2024-09-03 03:59:20.126826	139.217.24.129
891	\N	Transferred funds	2024-09-03 03:59:20.126826	181.241.64.219
892	\N	Transferred funds	2024-09-03 03:59:20.126826	78.138.132.111
893	\N	Transferred funds	2024-09-03 03:59:20.126826	51.149.167.194
894	\N	Logged in	2024-09-03 03:59:20.126826	41.65.150.116
895	\N	Logged out	2024-09-03 03:59:20.126826	102.147.51.141
896	\N	Transferred funds	2024-09-03 03:59:20.126826	166.147.143.23
897	\N	Transferred funds	2024-09-03 03:59:20.126826	35.226.102.118
898	\N	Logged out	2024-09-03 03:59:20.126826	154.217.220.237
899	\N	Logged in	2024-09-03 03:59:20.126826	82.133.127.75
900	\N	Logged in	2024-09-03 03:59:20.126826	108.44.229.97
901	\N	Transferred funds	2024-09-03 03:59:20.126826	64.134.214.105
902	\N	Transferred funds	2024-09-03 03:59:20.126826	80.107.208.228
903	\N	Transferred funds	2024-09-03 03:59:20.126826	113.163.168.158
904	\N	Transferred funds	2024-09-03 03:59:20.126826	36.95.191.13
905	\N	Transferred funds	2024-09-03 03:59:20.126826	165.220.63.134
906	\N	Logged in	2024-09-03 03:59:20.126826	54.209.155.145
907	\N	Transferred funds	2024-09-03 03:59:20.126826	193.116.201.35
908	\N	Logged out	2024-09-03 03:59:20.126826	69.165.42.136
909	\N	Logged in	2024-09-03 03:59:20.126826	90.231.118.86
910	\N	Transferred funds	2024-09-03 03:59:20.126826	178.250.54.92
911	\N	Logged in	2024-09-03 03:59:20.126826	195.154.171.137
912	\N	Logged in	2024-09-03 03:59:20.126826	136.105.172.12
913	\N	Transferred funds	2024-09-03 03:59:20.126826	122.123.90.174
914	\N	Transferred funds	2024-09-03 03:59:20.126826	122.170.144.137
915	\N	Transferred funds	2024-09-03 03:59:20.126826	128.113.20.146
916	\N	Transferred funds	2024-09-03 03:59:20.126826	193.36.163.113
917	\N	Logged in	2024-09-03 03:59:20.126826	49.115.222.111
918	\N	Transferred funds	2024-09-03 03:59:20.126826	182.18.52.182
\.


--
-- Data for Name: transactions; Type: TABLE DATA; Schema: public; Owner: -
--

COPY public.transactions (transactionid, accountid, transactiontype, amount, transactiondate, description) FROM stdin;
1	1	Withdrawal	1875.02	2024-09-03 01:36:26.980591	Party through.
2	1	Withdrawal	492.69	2024-09-03 01:36:26.980591	Nearly dinner way agent.
3	2	Transfer	137.92	2024-09-03 01:36:26.980591	Data green maintain trial.
4	2	Deposit	1130.01	2024-09-03 01:36:26.980591	Can truth analysis.
5	2	Transfer	890.09	2024-09-03 01:36:26.980591	Actually citizen measure letter enter.
6	2	Transfer	1668.34	2024-09-03 01:36:26.980591	Blue share author.
7	2	Transfer	395.62	2024-09-03 01:36:26.980591	Born senior future.
8	2	Withdrawal	593.51	2024-09-03 01:36:26.980591	Statement before city middle.
9	2	Withdrawal	774.41	2024-09-03 01:36:26.980591	Phone would.
10	2	Deposit	592.68	2024-09-03 01:36:26.980591	Play stuff police.
11	3	Withdrawal	640.34	2024-09-03 01:36:26.980591	Process improve sell.
12	3	Transfer	272.04	2024-09-03 01:36:26.980591	Off letter court federal.
13	3	Withdrawal	292.44	2024-09-03 01:36:26.980591	Need western receive finally appear.
14	3	Deposit	583.13	2024-09-03 01:36:26.980591	Weight can imagine determine.
15	3	Deposit	429.22	2024-09-03 01:36:26.980591	Really this interesting issue.
16	4	Withdrawal	393.26	2024-09-03 01:36:26.980591	Attack such impact.
17	4	Transfer	222.68	2024-09-03 01:36:26.980591	Often bring strategy bag I.
18	4	Withdrawal	1879.86	2024-09-03 01:36:26.980591	Begin either professor it.
19	4	Deposit	978.47	2024-09-03 01:36:26.980591	Could seven.
20	4	Withdrawal	1486.71	2024-09-03 01:36:26.980591	Idea best southern reveal.
21	4	Transfer	1061.88	2024-09-03 01:36:26.980591	Near per.
22	4	Withdrawal	845.21	2024-09-03 01:36:26.980591	Father over computer begin.
23	5	Deposit	1288.28	2024-09-03 01:36:26.980591	Memory trouble.
24	6	Transfer	968.37	2024-09-03 01:36:26.980591	Key item treat.
25	6	Transfer	1060.47	2024-09-03 01:36:26.980591	Since Republican rise within because.
26	6	Deposit	348.20	2024-09-03 01:36:26.980591	Believe economic trouble.
27	6	Transfer	431.63	2024-09-03 01:36:26.980591	Adult prevent short people partner.
28	6	Deposit	1016.32	2024-09-03 01:36:26.980591	Cultural rather.
29	6	Transfer	211.44	2024-09-03 01:36:26.980591	Deep position ask power across.
30	6	Withdrawal	1081.45	2024-09-03 01:36:26.980591	Dog beat.
31	6	Deposit	153.69	2024-09-03 01:36:26.980591	Trouble parent beat rest action.
32	7	Deposit	449.68	2024-09-03 01:36:26.980591	Business the.
33	7	Withdrawal	198.64	2024-09-03 01:36:26.980591	Spend nothing.
34	7	Deposit	788.51	2024-09-03 01:36:26.980591	Meet plant.
35	7	Deposit	1565.88	2024-09-03 01:36:26.980591	Play just spend task.
36	7	Deposit	1796.78	2024-09-03 01:36:26.980591	Picture form view claim Republican.
37	7	Deposit	1718.42	2024-09-03 01:36:26.980591	Owner talk answer.
38	8	Transfer	387.63	2024-09-03 01:36:26.980591	Yard ever production low.
39	8	Deposit	1058.01	2024-09-03 01:36:26.980591	Rule every since upon real.
40	8	Withdrawal	536.77	2024-09-03 01:36:26.980591	Offer one actually thought.
41	8	Deposit	73.78	2024-09-03 01:36:26.980591	Relationship outside small of.
42	8	Withdrawal	1524.26	2024-09-03 01:36:26.980591	Time north then face.
43	8	Withdrawal	1057.88	2024-09-03 01:36:26.980591	Consider item kid.
44	8	Transfer	1081.60	2024-09-03 01:36:26.980591	Game agree shake environment easy.
45	8	Deposit	1841.02	2024-09-03 01:36:26.980591	Happen key.
46	8	Deposit	1827.47	2024-09-03 01:36:26.980591	Appear partner people.
47	9	Transfer	1097.13	2024-09-03 01:36:26.980591	Low floor statement cell upon.
48	10	Deposit	1278.94	2024-09-03 01:36:26.980591	Change program either environmental.
49	10	Transfer	627.03	2024-09-03 01:36:26.980591	East with.
50	10	Deposit	300.48	2024-09-03 01:36:26.980591	Speech society result matter behavior.
51	10	Transfer	1973.52	2024-09-03 01:36:26.980591	Most simply during speak.
52	10	Withdrawal	892.32	2024-09-03 01:36:26.980591	Everything half behind cultural sense.
53	10	Transfer	615.40	2024-09-03 01:36:26.980591	Summer least indeed race as.
54	11	Withdrawal	260.14	2024-09-03 01:36:26.980591	Condition whom government.
55	11	Withdrawal	1038.27	2024-09-03 01:36:26.980591	Brother company much understand arrive.
56	11	Withdrawal	1537.85	2024-09-03 01:36:26.980591	Contain son speak sing.
57	11	Deposit	772.94	2024-09-03 01:36:26.980591	Magazine trial soon a.
58	11	Deposit	1469.46	2024-09-03 01:36:26.980591	Structure Republican season name.
59	11	Transfer	900.36	2024-09-03 01:36:26.980591	Political its TV.
60	11	Deposit	304.86	2024-09-03 01:36:26.980591	Although likely head after career.
61	11	Withdrawal	571.61	2024-09-03 01:36:26.980591	Leg remain usually.
62	12	Withdrawal	1416.54	2024-09-03 01:36:26.980591	Else note price a.
63	12	Transfer	671.93	2024-09-03 01:36:26.980591	Wind top difference family.
64	12	Withdrawal	1874.36	2024-09-03 01:36:26.980591	Free care book between.
65	12	Withdrawal	343.49	2024-09-03 01:36:26.980591	Center realize.
66	12	Transfer	1300.35	2024-09-03 01:36:26.980591	Reach member population manage.
67	12	Transfer	1136.20	2024-09-03 01:36:26.980591	Represent American.
68	13	Withdrawal	201.81	2024-09-03 01:36:26.980591	Indeed major million each.
69	13	Withdrawal	1849.13	2024-09-03 01:36:26.980591	Travel everybody prepare.
70	13	Deposit	1046.27	2024-09-03 01:36:26.980591	Project page itself meeting.
71	13	Deposit	1707.27	2024-09-03 01:36:26.980591	Condition forward down.
72	13	Withdrawal	1183.46	2024-09-03 01:36:26.980591	Three ready operation.
73	13	Deposit	799.02	2024-09-03 01:36:26.980591	Eight hour.
74	14	Withdrawal	277.34	2024-09-03 01:36:26.980591	Really soon any thank.
75	14	Deposit	1451.25	2024-09-03 01:36:26.980591	Almost type.
76	14	Transfer	1209.66	2024-09-03 01:36:26.980591	Focus leg cold political.
77	14	Transfer	1112.55	2024-09-03 01:36:26.980591	Really lose yet.
78	14	Transfer	1108.46	2024-09-03 01:36:26.980591	Fire inside attention.
79	14	Deposit	1457.95	2024-09-03 01:36:26.980591	Us fast recognize.
80	14	Deposit	1868.63	2024-09-03 01:36:26.980591	Hear toward leg win draw.
81	14	Withdrawal	64.80	2024-09-03 01:36:26.980591	May animal maybe eight name.
82	15	Deposit	1841.51	2024-09-03 01:36:26.980591	Certain it onto ground.
83	15	Withdrawal	989.78	2024-09-03 01:36:26.980591	Individual strong doctor.
84	16	Transfer	1870.66	2024-09-03 01:36:26.980591	Movie their article fear.
85	16	Deposit	1194.10	2024-09-03 01:36:26.980591	Prevent still form able.
86	16	Deposit	779.76	2024-09-03 01:36:26.980591	Law open knowledge.
87	16	Deposit	293.58	2024-09-03 01:36:26.980591	Leader trade.
88	16	Deposit	1510.84	2024-09-03 01:36:26.980591	Team save air.
89	16	Deposit	1847.56	2024-09-03 01:36:26.980591	Occur standard tonight type.
90	16	Withdrawal	1245.41	2024-09-03 01:36:26.980591	Man reduce fall PM.
91	16	Transfer	1134.90	2024-09-03 01:36:26.980591	Third save suggest scientist.
92	17	Withdrawal	1596.70	2024-09-03 01:36:26.980591	Shoulder actually value.
93	17	Withdrawal	794.12	2024-09-03 01:36:26.980591	Sister together project policy war.
94	17	Withdrawal	478.57	2024-09-03 01:36:26.980591	Chair nothing carry style.
95	17	Withdrawal	1530.51	2024-09-03 01:36:26.980591	Remember ability pretty type.
96	17	Withdrawal	1609.61	2024-09-03 01:36:26.980591	Most truth land hundred.
97	18	Deposit	16.75	2024-09-03 01:36:26.980591	Conference consider.
98	18	Deposit	1558.43	2024-09-03 01:36:26.980591	Wear outside accept perhaps choice.
99	18	Withdrawal	1657.43	2024-09-03 01:36:26.980591	One church behavior future enough.
100	19	Deposit	1975.53	2024-09-03 01:36:26.980591	Bag challenge establish.
101	19	Deposit	1906.14	2024-09-03 01:36:26.980591	Just easy section hold.
102	19	Transfer	210.94	2024-09-03 01:36:26.980591	Tough return.
103	19	Deposit	79.39	2024-09-03 01:36:26.980591	Control kind international step.
104	19	Deposit	1513.76	2024-09-03 01:36:26.980591	Wonder talk consumer threat enjoy.
105	20	Withdrawal	1398.27	2024-09-03 01:36:26.980591	Someone page enjoy.
106	20	Withdrawal	1218.90	2024-09-03 01:36:26.980591	Career crime task.
107	20	Deposit	1739.61	2024-09-03 01:36:26.980591	Debate under company investment especially.
108	20	Deposit	575.67	2024-09-03 01:36:26.980591	Enjoy office pass.
109	20	Deposit	1458.48	2024-09-03 01:36:26.980591	Theory manage poor quickly go.
110	20	Transfer	551.03	2024-09-03 01:36:26.980591	This able age large.
111	21	Transfer	276.23	2024-09-03 01:36:26.980591	Play trouble skill little.
112	21	Withdrawal	1718.15	2024-09-03 01:36:26.980591	Foot indeed.
113	21	Deposit	71.78	2024-09-03 01:36:26.980591	Campaign own.
114	21	Transfer	166.86	2024-09-03 01:36:26.980591	Director decision own cover he.
115	21	Deposit	690.71	2024-09-03 01:36:26.980591	Take blood four.
116	21	Withdrawal	913.20	2024-09-03 01:36:26.980591	Value about opportunity.
117	21	Transfer	1810.91	2024-09-03 01:36:26.980591	Energy suddenly much local.
118	21	Transfer	248.36	2024-09-03 01:36:26.980591	Number pressure it stay.
119	22	Transfer	834.58	2024-09-03 01:36:26.980591	Than right over agency rock.
120	22	Transfer	1808.92	2024-09-03 01:36:26.980591	Source occur.
121	22	Withdrawal	1737.43	2024-09-03 01:36:26.980591	Find customer.
122	22	Withdrawal	1990.57	2024-09-03 01:36:26.980591	Nor already.
123	22	Transfer	1889.56	2024-09-03 01:36:26.980591	Organization tell build.
124	22	Deposit	1979.20	2024-09-03 01:36:26.980591	Goal year include new.
125	22	Withdrawal	1221.98	2024-09-03 01:36:26.980591	Player use people floor.
126	22	Transfer	1471.54	2024-09-03 01:36:26.980591	Industry spring state.
127	23	Deposit	245.28	2024-09-03 01:36:26.980591	Risk never how send.
128	23	Withdrawal	1254.13	2024-09-03 01:36:26.980591	Effect reason quickly professional.
129	23	Withdrawal	881.10	2024-09-03 01:36:26.980591	Suggest as moment soon.
130	23	Withdrawal	812.11	2024-09-03 01:36:26.980591	Language meet accept speech stage.
131	24	Transfer	949.13	2024-09-03 01:36:26.980591	Worry generation financial kid national.
132	24	Withdrawal	616.46	2024-09-03 01:36:26.980591	Group it everybody like.
133	24	Deposit	362.12	2024-09-03 01:36:26.980591	Watch couple young.
134	24	Deposit	1869.07	2024-09-03 01:36:26.980591	Clear up benefit fact.
135	24	Withdrawal	266.71	2024-09-03 01:36:26.980591	Hospital statement into there.
136	25	Deposit	1645.53	2024-09-03 01:36:26.980591	White public none whose again.
137	25	Deposit	1173.06	2024-09-03 01:36:26.980591	Look difference place.
138	25	Transfer	384.76	2024-09-03 01:36:26.980591	Page career institution.
139	25	Deposit	1826.99	2024-09-03 01:36:26.980591	Appear score my man product.
140	25	Transfer	371.44	2024-09-03 01:36:26.980591	Fine report guy reveal be.
141	26	Transfer	948.26	2024-09-03 01:36:26.980591	Perform individual stay college range.
142	26	Withdrawal	1518.29	2024-09-03 01:36:26.980591	Already consumer eye daughter.
143	26	Deposit	887.37	2024-09-03 01:36:26.980591	Commercial ability.
144	26	Deposit	1974.36	2024-09-03 01:36:26.980591	Toward include school woman.
145	26	Transfer	790.54	2024-09-03 01:36:26.980591	Manage race property.
146	26	Deposit	867.65	2024-09-03 01:36:26.980591	President activity.
147	26	Withdrawal	483.54	2024-09-03 01:36:26.980591	Part lose firm.
148	26	Withdrawal	139.07	2024-09-03 01:36:26.980591	Fight identify able sign pretty.
149	26	Transfer	1658.80	2024-09-03 01:36:26.980591	Deal power.
150	26	Deposit	1805.89	2024-09-03 01:36:26.980591	Process ago reality describe remember.
151	27	Transfer	1807.46	2024-09-03 01:36:26.980591	Tend my out play expert.
152	27	Transfer	1689.92	2024-09-03 01:36:26.980591	Five apply already he.
153	27	Deposit	327.95	2024-09-03 01:36:26.980591	Major else right above eat.
154	27	Deposit	575.56	2024-09-03 01:36:26.980591	Grow budget.
155	27	Transfer	982.41	2024-09-03 01:36:26.980591	Quickly thing production artist my.
156	27	Deposit	1295.90	2024-09-03 01:36:26.980591	Agency watch according.
157	27	Transfer	1446.98	2024-09-03 01:36:26.980591	Everybody establish debate save whom.
158	28	Deposit	561.49	2024-09-03 01:36:26.980591	Look item little.
159	28	Withdrawal	404.66	2024-09-03 01:36:26.980591	In Democrat visit writer.
160	28	Deposit	1375.70	2024-09-03 01:36:26.980591	Key imagine stuff vote.
161	28	Deposit	283.60	2024-09-03 01:36:26.980591	Country to deep.
162	28	Transfer	88.96	2024-09-03 01:36:26.980591	Eye learn maintain.
163	28	Withdrawal	956.51	2024-09-03 01:36:26.980591	Now customer.
164	28	Transfer	652.08	2024-09-03 01:36:26.980591	Manager attorney significant food.
165	29	Withdrawal	329.46	2024-09-03 01:36:26.980591	Staff agree include.
166	29	Transfer	1095.13	2024-09-03 01:36:26.980591	Official dog college.
167	29	Transfer	1335.51	2024-09-03 01:36:26.980591	Per help peace.
168	29	Withdrawal	878.14	2024-09-03 01:36:26.980591	Practice road training.
169	29	Transfer	145.03	2024-09-03 01:36:26.980591	You only score.
170	29	Deposit	153.22	2024-09-03 01:36:26.980591	Agency guy apply myself.
171	29	Transfer	1908.28	2024-09-03 01:36:26.980591	Throughout yard political.
172	29	Transfer	912.43	2024-09-03 01:36:26.980591	Your bag leave.
173	29	Deposit	903.30	2024-09-03 01:36:26.980591	Talk gas state lead building.
174	29	Transfer	1090.12	2024-09-03 01:36:26.980591	Against but for.
175	30	Transfer	1207.64	2024-09-03 01:36:26.980591	Staff college.
176	30	Withdrawal	1396.38	2024-09-03 01:36:26.980591	Whole page friend feeling.
177	31	Transfer	1583.23	2024-09-03 01:36:26.980591	Design join their history window.
178	31	Withdrawal	435.58	2024-09-03 01:36:26.980591	Cell page security.
179	31	Transfer	519.33	2024-09-03 01:36:26.980591	Recently mention word feeling activity.
180	32	Transfer	335.88	2024-09-03 01:36:26.980591	Successful method back.
181	32	Withdrawal	1225.96	2024-09-03 01:36:26.980591	Child never view.
182	32	Deposit	1038.96	2024-09-03 01:36:26.980591	Challenge him itself.
183	32	Transfer	1888.28	2024-09-03 01:36:26.980591	Kitchen myself trouble wrong.
184	32	Deposit	1338.50	2024-09-03 01:36:26.980591	Yard ahead good cold image.
185	32	Deposit	425.65	2024-09-03 01:36:26.980591	Guy coach value.
186	32	Deposit	1957.99	2024-09-03 01:36:26.980591	Civil thought if local citizen.
187	33	Withdrawal	86.18	2024-09-03 01:36:26.980591	Speak sign.
188	33	Deposit	388.32	2024-09-03 01:36:26.980591	Total answer.
189	33	Transfer	1740.79	2024-09-03 01:36:26.980591	Budget director.
190	33	Transfer	556.39	2024-09-03 01:36:26.980591	Car contain guy television decide.
191	33	Transfer	584.35	2024-09-03 01:36:26.980591	Trip local instead.
192	33	Deposit	1495.42	2024-09-03 01:36:26.980591	Discussion language.
193	33	Withdrawal	190.47	2024-09-03 01:36:26.980591	Effort consumer.
194	34	Transfer	440.39	2024-09-03 01:36:26.980591	Thought send paper fight.
195	34	Deposit	294.72	2024-09-03 01:36:26.980591	Assume throw.
196	35	Deposit	1213.01	2024-09-03 01:36:26.980591	Effort just fall suddenly film.
197	35	Deposit	147.95	2024-09-03 01:36:26.980591	New like.
198	35	Withdrawal	753.79	2024-09-03 01:36:26.980591	Actually money lay key back.
199	35	Withdrawal	335.05	2024-09-03 01:36:26.980591	Society of office.
200	35	Deposit	1994.76	2024-09-03 01:36:26.980591	Book get sport.
201	36	Deposit	933.03	2024-09-03 01:36:26.980591	Myself television.
202	36	Deposit	247.28	2024-09-03 01:36:26.980591	Similar cause fact team.
203	36	Transfer	1729.57	2024-09-03 01:36:26.980591	Growth most true concern.
204	36	Withdrawal	1444.44	2024-09-03 01:36:26.980591	Class describe benefit name.
205	36	Deposit	1973.03	2024-09-03 01:36:26.980591	Future western street.
206	36	Withdrawal	342.62	2024-09-03 01:36:26.980591	Total enter middle news become.
207	36	Transfer	95.95	2024-09-03 01:36:26.980591	Box throughout blue.
208	36	Withdrawal	1108.42	2024-09-03 01:36:26.980591	Recent moment cultural type well.
209	36	Transfer	267.63	2024-09-03 01:36:26.980591	Small low toward building.
210	36	Withdrawal	1740.49	2024-09-03 01:36:26.980591	Fish figure room claim behavior.
211	37	Deposit	426.29	2024-09-03 01:36:26.980591	Between defense lawyer professional.
212	38	Deposit	370.32	2024-09-03 01:36:26.980591	Once second.
213	38	Withdrawal	189.46	2024-09-03 01:36:26.980591	Knowledge collection discuss kind partner.
214	38	Withdrawal	1140.65	2024-09-03 01:36:26.980591	Partner PM speak.
215	38	Deposit	782.08	2024-09-03 01:36:26.980591	Partner probably stop administration.
216	38	Withdrawal	217.57	2024-09-03 01:36:26.980591	When claim political.
217	39	Deposit	857.79	2024-09-03 01:36:26.980591	Suddenly much appear.
218	39	Deposit	1594.60	2024-09-03 01:36:26.980591	Local raise avoid.
219	39	Withdrawal	1609.25	2024-09-03 01:36:26.980591	First appear realize long.
220	39	Deposit	807.35	2024-09-03 01:36:26.980591	Well dark something.
221	39	Transfer	1275.97	2024-09-03 01:36:26.980591	Have race.
222	39	Withdrawal	530.45	2024-09-03 01:36:26.980591	Author lot even adult.
223	39	Transfer	1847.37	2024-09-03 01:36:26.980591	Space eat voice nation floor.
224	39	Withdrawal	790.64	2024-09-03 01:36:26.980591	Surface late but.
225	40	Withdrawal	1895.73	2024-09-03 01:36:26.980591	Production vote create.
226	40	Deposit	646.04	2024-09-03 01:36:26.980591	Professional together.
227	40	Deposit	1910.04	2024-09-03 01:36:26.980591	Hair again forget.
228	40	Withdrawal	37.53	2024-09-03 01:36:26.980591	For place per sister.
229	40	Withdrawal	771.83	2024-09-03 01:36:26.980591	This general some.
230	41	Transfer	710.15	2024-09-03 01:36:26.980591	Push guess result evening.
231	41	Deposit	470.44	2024-09-03 01:36:26.980591	Inside even economy couple.
232	41	Deposit	82.15	2024-09-03 01:36:26.980591	From few.
233	41	Withdrawal	1830.01	2024-09-03 01:36:26.980591	Share space describe six.
234	41	Withdrawal	658.89	2024-09-03 01:36:26.980591	Pressure color even.
235	41	Deposit	1666.80	2024-09-03 01:36:26.980591	Sing just without network.
236	41	Deposit	59.78	2024-09-03 01:36:26.980591	Difficult popular position.
237	41	Transfer	1543.64	2024-09-03 01:36:26.980591	Hit feel loss.
238	41	Deposit	1374.00	2024-09-03 01:36:26.980591	Medical your financial prove.
239	41	Withdrawal	1745.64	2024-09-03 01:36:26.980591	Raise ahead federal character cell.
240	42	Transfer	1883.71	2024-09-03 01:36:26.980591	Color plan economy.
241	42	Transfer	1117.54	2024-09-03 01:36:26.980591	Never place mean health century.
242	42	Deposit	252.43	2024-09-03 01:36:26.980591	But go drug compare technology.
243	42	Withdrawal	1316.36	2024-09-03 01:36:26.980591	Remain computer institution level.
244	42	Transfer	1559.45	2024-09-03 01:36:26.980591	Decade wear mention ten position.
245	42	Withdrawal	410.65	2024-09-03 01:36:26.980591	Actually service wife.
246	42	Withdrawal	1724.85	2024-09-03 01:36:26.980591	Structure PM relationship stay short.
247	43	Deposit	495.60	2024-09-03 01:36:26.980591	Threat catch popular less.
248	43	Withdrawal	1644.07	2024-09-03 01:36:26.980591	Education our offer.
249	43	Deposit	408.23	2024-09-03 01:36:26.980591	Laugh yard direction.
250	43	Withdrawal	297.24	2024-09-03 01:36:26.980591	Environmental professor.
251	43	Deposit	1204.86	2024-09-03 01:36:26.980591	American end our.
252	43	Withdrawal	1683.31	2024-09-03 01:36:26.980591	Offer opportunity hold outside three.
253	43	Transfer	1645.87	2024-09-03 01:36:26.980591	Space least.
254	44	Withdrawal	295.05	2024-09-03 01:36:26.980591	Series help.
255	44	Deposit	1713.10	2024-09-03 01:36:26.980591	Myself writer require sport staff.
256	44	Transfer	1178.96	2024-09-03 01:36:26.980591	Group weight ball but.
257	44	Deposit	1152.61	2024-09-03 01:36:26.980591	Force interview.
258	44	Transfer	1139.94	2024-09-03 01:36:26.980591	Form maybe save assume.
259	44	Transfer	808.57	2024-09-03 01:36:26.980591	Rule all prepare ago.
260	44	Withdrawal	1208.25	2024-09-03 01:36:26.980591	Consider charge billion drop.
261	45	Withdrawal	855.66	2024-09-03 01:36:26.980591	Majority subject sure under economic.
262	46	Transfer	127.69	2024-09-03 01:36:26.980591	Before single.
263	46	Transfer	1317.09	2024-09-03 01:36:26.980591	Oil box.
264	46	Withdrawal	297.55	2024-09-03 01:36:26.980591	Character future south direction.
265	46	Transfer	69.98	2024-09-03 01:36:26.980591	Personal college area.
266	46	Deposit	1482.07	2024-09-03 01:36:26.980591	Health pressure cause foot.
267	46	Withdrawal	715.25	2024-09-03 01:36:26.980591	Miss deal international.
268	47	Withdrawal	136.11	2024-09-03 01:36:26.980591	Agreement itself forward.
269	47	Deposit	757.33	2024-09-03 01:36:26.980591	Finish including effect perhaps there.
270	47	Transfer	542.84	2024-09-03 01:36:26.980591	Center same tree boy boy.
271	47	Deposit	1664.33	2024-09-03 01:36:26.980591	Day later along.
272	48	Transfer	541.87	2024-09-03 01:36:26.980591	Require receive work consider.
273	48	Deposit	318.95	2024-09-03 01:36:26.980591	Air attention decade.
274	48	Deposit	781.15	2024-09-03 01:36:26.980591	Civil herself have.
275	48	Deposit	156.83	2024-09-03 01:36:26.980591	Teacher crime reveal political state.
276	48	Deposit	1153.50	2024-09-03 01:36:26.980591	Black who others probably.
277	48	Withdrawal	1953.01	2024-09-03 01:36:26.980591	Have upon.
278	48	Deposit	528.01	2024-09-03 01:36:26.980591	Natural firm.
279	48	Transfer	882.52	2024-09-03 01:36:26.980591	Nature ask at over.
280	48	Transfer	1588.01	2024-09-03 01:36:26.980591	Reflect field and under theory.
281	49	Withdrawal	230.39	2024-09-03 01:36:26.980591	Final rest particularly many.
282	49	Withdrawal	319.18	2024-09-03 01:36:26.980591	Call run floor test.
283	50	Withdrawal	987.58	2024-09-03 01:36:26.980591	Finish first themselves.
284	50	Withdrawal	1811.67	2024-09-03 01:36:26.980591	Participant choice.
285	50	Deposit	1125.27	2024-09-03 01:36:26.980591	Team including pull generation serve.
286	50	Withdrawal	1751.37	2024-09-03 01:36:26.980591	Whose offer artist there.
287	50	Withdrawal	744.06	2024-09-03 01:36:26.980591	Suggest return wish across.
288	50	Withdrawal	124.36	2024-09-03 01:36:26.980591	Tonight stand represent.
289	50	Deposit	655.92	2024-09-03 01:36:26.980591	Share news visit every.
290	50	Transfer	1132.69	2024-09-03 01:36:26.980591	That former mean meeting trade.
291	50	Withdrawal	567.41	2024-09-03 01:36:26.980591	Picture only.
292	50	Withdrawal	540.26	2024-09-03 01:36:26.980591	Want side several.
293	51	Withdrawal	1014.19	2024-09-03 01:36:26.980591	Step about treat one seven.
294	51	Deposit	363.15	2024-09-03 01:36:26.980591	Society front born show.
295	51	Transfer	999.87	2024-09-03 01:36:26.980591	Then though spring.
296	51	Withdrawal	115.99	2024-09-03 01:36:26.980591	Travel sense.
297	51	Withdrawal	623.35	2024-09-03 01:36:26.980591	Early necessary best fine.
298	52	Withdrawal	1090.14	2024-09-03 01:36:26.980591	Per discussion career hear either.
299	52	Withdrawal	1131.25	2024-09-03 01:36:26.980591	Cold reflect material born.
300	52	Deposit	320.81	2024-09-03 01:36:26.980591	War yourself similar.
301	52	Deposit	1522.91	2024-09-03 01:36:26.980591	Pay heart attention why.
302	53	Deposit	585.17	2024-09-03 01:36:26.980591	Character now.
303	54	Withdrawal	214.67	2024-09-03 01:36:26.980591	Offer operation fight.
304	54	Withdrawal	204.17	2024-09-03 01:36:26.980591	Rather science him lead.
305	54	Withdrawal	1583.37	2024-09-03 01:36:26.980591	Detail difficult issue.
306	55	Transfer	1253.76	2024-09-03 01:36:26.980591	Protect mission out drive common.
307	55	Transfer	1792.88	2024-09-03 01:36:26.980591	Reason north interest public although.
308	55	Deposit	38.78	2024-09-03 01:36:26.980591	Sing let sign population.
309	55	Deposit	728.27	2024-09-03 01:36:26.980591	Thousand remain enter federal effect.
310	55	Transfer	291.87	2024-09-03 01:36:26.980591	Study discussion herself discuss politics.
311	55	Withdrawal	1062.10	2024-09-03 01:36:26.980591	Walk election.
312	55	Deposit	1216.99	2024-09-03 01:36:26.980591	Find commercial mouth.
313	55	Deposit	1764.58	2024-09-03 01:36:26.980591	Party always.
314	55	Deposit	200.64	2024-09-03 01:36:26.980591	Three interest several.
315	55	Transfer	1539.64	2024-09-03 01:36:26.980591	Half region contain.
316	56	Withdrawal	1003.56	2024-09-03 01:36:26.980591	Energy risk message.
317	56	Withdrawal	595.31	2024-09-03 01:36:26.980591	Play cover thousand low pull.
318	56	Withdrawal	641.30	2024-09-03 01:36:26.980591	Lose front actually say responsibility.
319	56	Transfer	1637.63	2024-09-03 01:36:26.980591	While bad against.
320	56	Transfer	284.09	2024-09-03 01:36:26.980591	Administration anything process Democrat guy.
321	56	Withdrawal	957.02	2024-09-03 01:36:26.980591	South road once including network.
322	57	Withdrawal	172.90	2024-09-03 01:36:26.980591	Want movement course least much.
323	58	Transfer	388.71	2024-09-03 01:36:26.980591	Win my magazine.
324	58	Deposit	740.58	2024-09-03 01:36:26.980591	Resource glass identify service.
325	58	Transfer	1943.26	2024-09-03 01:36:26.980591	Administration pretty out six more.
326	58	Deposit	1295.91	2024-09-03 01:36:26.980591	Energy surface soldier.
327	58	Deposit	1417.22	2024-09-03 01:36:26.980591	Me financial.
328	58	Transfer	455.98	2024-09-03 01:36:26.980591	Process have method tell.
329	58	Transfer	787.15	2024-09-03 01:36:26.980591	Should rich how every color.
330	58	Transfer	1648.33	2024-09-03 01:36:26.980591	Section those ask.
331	59	Transfer	1614.04	2024-09-03 01:36:26.980591	Institution inside language fly fly.
332	59	Withdrawal	800.88	2024-09-03 01:36:26.980591	On everything since heart art.
333	59	Transfer	905.21	2024-09-03 01:36:26.980591	Authority tree notice operation guess.
334	59	Deposit	997.49	2024-09-03 01:36:26.980591	Show what child left.
335	59	Withdrawal	197.47	2024-09-03 01:36:26.980591	Already finish situation.
336	59	Deposit	1839.20	2024-09-03 01:36:26.980591	College assume list determine.
337	59	Transfer	362.03	2024-09-03 01:36:26.980591	Able note.
338	59	Deposit	815.39	2024-09-03 01:36:26.980591	Be approach just.
339	59	Deposit	418.29	2024-09-03 01:36:26.980591	Go new rise experience.
340	60	Deposit	1259.69	2024-09-03 01:36:26.980591	Set word check.
341	60	Transfer	1906.88	2024-09-03 01:36:26.980591	Significant debate dark.
342	60	Transfer	93.07	2024-09-03 01:36:26.980591	Low pretty paper nearly.
343	60	Transfer	1887.18	2024-09-03 01:36:26.980591	Main while our generation should.
344	60	Withdrawal	174.77	2024-09-03 01:36:26.980591	She man hit fall.
345	60	Deposit	176.43	2024-09-03 01:36:26.980591	Great seven woman share too.
346	60	Deposit	1202.38	2024-09-03 01:36:26.980591	Total when environmental theory ever.
347	61	Transfer	721.17	2024-09-03 01:36:26.980591	Lot Mrs miss behind respond.
348	61	Transfer	1307.82	2024-09-03 01:36:26.980591	Assume imagine hour eat.
349	61	Transfer	423.77	2024-09-03 01:36:26.980591	Feel let.
350	61	Withdrawal	1827.71	2024-09-03 01:36:26.980591	Read subject.
351	61	Deposit	1104.18	2024-09-03 01:36:26.980591	Suddenly heavy.
352	61	Withdrawal	606.14	2024-09-03 01:36:26.980591	Bad poor seek there.
353	61	Deposit	284.16	2024-09-03 01:36:26.980591	Cut necessary.
354	62	Transfer	511.13	2024-09-03 01:36:26.980591	Decision fine above yourself call.
355	62	Transfer	996.84	2024-09-03 01:36:26.980591	Thus break good contain.
356	62	Withdrawal	215.58	2024-09-03 01:36:26.980591	Price poor list.
357	63	Deposit	1642.26	2024-09-03 01:36:26.980591	Member training north.
358	63	Withdrawal	82.98	2024-09-03 01:36:26.980591	Friend ready federal local.
359	63	Transfer	340.44	2024-09-03 01:36:26.980591	Doctor entire.
360	63	Transfer	1734.96	2024-09-03 01:36:26.980591	Manage choice myself cut.
361	63	Transfer	1822.56	2024-09-03 01:36:26.980591	Itself myself whatever.
362	63	Withdrawal	1618.29	2024-09-03 01:36:26.980591	Democratic someone any experience.
363	63	Withdrawal	814.00	2024-09-03 01:36:26.980591	Speak agreement common effort part.
364	64	Transfer	1369.28	2024-09-03 01:36:26.980591	Board want control level.
365	64	Deposit	350.42	2024-09-03 01:36:26.980591	Born expert close daughter friend.
366	64	Withdrawal	20.81	2024-09-03 01:36:26.980591	Operation business military.
367	64	Transfer	757.44	2024-09-03 01:36:26.980591	Task hear eat green.
368	64	Transfer	1077.82	2024-09-03 01:36:26.980591	Production necessary step each painting.
369	65	Transfer	1076.40	2024-09-03 01:36:26.980591	Future cold throw group.
370	65	Deposit	713.18	2024-09-03 01:36:26.980591	Society interesting.
371	66	Withdrawal	239.11	2024-09-03 01:36:26.980591	Read them wind travel.
372	66	Transfer	160.97	2024-09-03 01:36:26.980591	Find response condition.
373	66	Withdrawal	770.91	2024-09-03 01:36:26.980591	Fight leave approach whom.
374	66	Transfer	1224.44	2024-09-03 01:36:26.980591	Bed spring knowledge senior participant.
375	66	Withdrawal	1867.87	2024-09-03 01:36:26.980591	Throughout together investment before.
376	66	Transfer	611.35	2024-09-03 01:36:26.980591	Seem thought attack away actually.
377	66	Deposit	779.50	2024-09-03 01:36:26.980591	Once interest up know fast.
378	67	Deposit	1483.62	2024-09-03 01:36:26.980591	Forget through report.
379	67	Withdrawal	110.80	2024-09-03 01:36:26.980591	Four simply leave.
380	68	Withdrawal	182.47	2024-09-03 01:36:26.980591	Air six himself.
381	68	Withdrawal	1825.98	2024-09-03 01:36:26.980591	Last among wait.
382	68	Withdrawal	1350.48	2024-09-03 01:36:26.980591	Ok tend.
383	68	Deposit	1598.54	2024-09-03 01:36:26.980591	Sure health power camera.
384	68	Deposit	590.48	2024-09-03 01:36:26.980591	Technology operation they.
385	68	Deposit	154.48	2024-09-03 01:36:26.980591	Out customer hundred.
386	68	Withdrawal	1607.66	2024-09-03 01:36:26.980591	Activity apply upon.
387	68	Withdrawal	1335.47	2024-09-03 01:36:26.980591	Agree medical learn without.
388	68	Transfer	1585.50	2024-09-03 01:36:26.980591	Travel small war season whom.
389	68	Withdrawal	1923.79	2024-09-03 01:36:26.980591	Term actually amount join color.
390	69	Deposit	388.62	2024-09-03 01:36:26.980591	Same yourself third.
391	69	Deposit	1488.00	2024-09-03 01:36:26.980591	Discussion bar movie he team.
392	69	Deposit	1193.33	2024-09-03 01:36:26.980591	Business station reveal.
393	69	Transfer	217.04	2024-09-03 01:36:26.980591	Not number morning apply.
394	69	Withdrawal	893.60	2024-09-03 01:36:26.980591	Small fish consumer writer.
395	70	Withdrawal	357.35	2024-09-03 01:36:26.980591	Laugh stand behind detail he.
396	70	Transfer	841.77	2024-09-03 01:36:26.980591	Century animal family other yet.
397	70	Deposit	1537.05	2024-09-03 01:36:26.980591	Above expert rich water.
398	70	Transfer	816.25	2024-09-03 01:36:26.980591	Perhaps truth yes throughout anything.
399	70	Deposit	1019.15	2024-09-03 01:36:26.980591	Wish security kid.
400	70	Deposit	1588.99	2024-09-03 01:36:26.980591	Task until trouble.
401	70	Withdrawal	513.73	2024-09-03 01:36:26.980591	Director husband voice each suggest.
402	71	Withdrawal	1744.53	2024-09-03 01:36:26.980591	Begin such.
403	71	Withdrawal	1546.95	2024-09-03 01:36:26.980591	Other fight civil.
404	71	Withdrawal	1097.13	2024-09-03 01:36:26.980591	Enter hand long.
405	71	Deposit	590.03	2024-09-03 01:36:26.980591	Southern force positive star.
406	71	Deposit	1014.80	2024-09-03 01:36:26.980591	Interest record well no.
407	71	Withdrawal	31.01	2024-09-03 01:36:26.980591	Be shoulder.
408	71	Transfer	14.42	2024-09-03 01:36:26.980591	Environmental game significant word.
409	71	Transfer	523.08	2024-09-03 01:36:26.980591	Me land case.
410	71	Deposit	232.03	2024-09-03 01:36:26.980591	Treatment American.
411	71	Deposit	1290.49	2024-09-03 01:36:26.980591	Bank class special environmental.
412	72	Transfer	990.13	2024-09-03 01:36:26.980591	Wind expect Congress.
413	72	Withdrawal	1558.51	2024-09-03 01:36:26.980591	Point fish participant early.
414	72	Deposit	1221.24	2024-09-03 01:36:26.980591	Cause night notice.
415	72	Withdrawal	837.68	2024-09-03 01:36:26.980591	Stay cell fire chance.
416	72	Withdrawal	1815.78	2024-09-03 01:36:26.980591	Foreign feel.
417	73	Deposit	485.39	2024-09-03 01:36:26.980591	Include everybody reason white.
418	73	Transfer	1393.78	2024-09-03 01:36:26.980591	They house wind development control.
419	73	Transfer	344.85	2024-09-03 01:36:26.980591	Second entire center.
420	73	Transfer	705.55	2024-09-03 01:36:26.980591	Tv wall avoid.
421	74	Deposit	119.80	2024-09-03 01:36:26.980591	Father necessary right.
422	74	Withdrawal	707.04	2024-09-03 01:36:26.980591	Life force create direction.
423	75	Withdrawal	1664.29	2024-09-03 01:36:26.980591	Series country eight.
424	75	Transfer	987.92	2024-09-03 01:36:26.980591	Long trouble.
425	75	Deposit	536.20	2024-09-03 01:36:26.980591	Media among tonight.
426	75	Withdrawal	1011.13	2024-09-03 01:36:26.980591	It likely what really.
427	75	Withdrawal	729.02	2024-09-03 01:36:26.980591	Check side soldier your president.
428	75	Transfer	888.37	2024-09-03 01:36:26.980591	Game suddenly question score pay.
429	75	Deposit	197.01	2024-09-03 01:36:26.980591	Example story on rather.
430	75	Withdrawal	1042.38	2024-09-03 01:36:26.980591	Return most news.
431	75	Deposit	1660.60	2024-09-03 01:36:26.980591	Sport PM agency night.
432	76	Withdrawal	1956.06	2024-09-03 01:36:26.980591	Official around catch current.
433	76	Deposit	271.73	2024-09-03 01:36:26.980591	Strategy address treatment room.
434	76	Transfer	1680.34	2024-09-03 01:36:26.980591	Can common.
435	76	Withdrawal	1680.01	2024-09-03 01:36:26.980591	Establish most provide nothing.
436	76	Deposit	1930.76	2024-09-03 01:36:26.980591	Social number those decade such.
437	76	Transfer	1510.54	2024-09-03 01:36:26.980591	Fear sometimes participant head.
438	76	Withdrawal	1704.55	2024-09-03 01:36:26.980591	Face hair point owner southern.
439	76	Withdrawal	1381.95	2024-09-03 01:36:26.980591	Should support.
440	77	Deposit	1414.50	2024-09-03 01:36:26.980591	Begin improve recognize discuss.
441	77	Transfer	950.54	2024-09-03 01:36:26.980591	Officer economy couple other.
442	77	Withdrawal	881.10	2024-09-03 01:36:26.980591	Stop reveal everybody view nor.
443	77	Transfer	630.73	2024-09-03 01:36:26.980591	Senior science face source.
444	77	Withdrawal	1087.91	2024-09-03 01:36:26.980591	Increase place send.
445	77	Deposit	304.22	2024-09-03 01:36:26.980591	Test customer so play.
446	77	Deposit	483.65	2024-09-03 01:36:26.980591	Discover get.
447	77	Deposit	546.57	2024-09-03 01:36:26.980591	Short local participant.
448	77	Deposit	1382.98	2024-09-03 01:36:26.980591	The appear fall thought.
449	77	Withdrawal	985.15	2024-09-03 01:36:26.980591	Can movie exactly head guy.
450	78	Withdrawal	1020.75	2024-09-03 01:36:26.980591	Seem condition to contain owner.
451	78	Withdrawal	1218.15	2024-09-03 01:36:26.980591	Form show laugh help member.
452	78	Transfer	1558.03	2024-09-03 01:36:26.980591	Major economy after star.
453	78	Transfer	737.19	2024-09-03 01:36:26.980591	Term stock style.
454	78	Withdrawal	1044.34	2024-09-03 01:36:26.980591	Bar official.
455	78	Transfer	339.19	2024-09-03 01:36:26.980591	Girl stage church else.
456	78	Deposit	1486.15	2024-09-03 01:36:26.980591	Production agree.
457	78	Withdrawal	354.30	2024-09-03 01:36:26.980591	Town moment low region cut.
458	78	Deposit	929.75	2024-09-03 01:36:26.980591	Idea party voice could girl.
459	79	Transfer	1764.56	2024-09-03 01:36:26.980591	Image strategy.
460	79	Deposit	1830.50	2024-09-03 01:36:26.980591	May price image thank will.
461	79	Withdrawal	1064.37	2024-09-03 01:36:26.980591	Star edge.
462	79	Transfer	506.30	2024-09-03 01:36:26.980591	Value itself someone always whose.
463	79	Transfer	1014.54	2024-09-03 01:36:26.980591	Forward consumer out.
464	79	Transfer	249.58	2024-09-03 01:36:26.980591	Law kitchen.
465	79	Transfer	1398.27	2024-09-03 01:36:26.980591	Sign right according stage.
466	80	Transfer	1758.87	2024-09-03 01:36:26.980591	Heavy type see message.
467	80	Deposit	1321.69	2024-09-03 01:36:26.980591	As have.
468	80	Transfer	643.28	2024-09-03 01:36:26.980591	Actually boy onto various exist.
469	80	Transfer	1010.78	2024-09-03 01:36:26.980591	Cup certain significant keep.
470	80	Withdrawal	1024.63	2024-09-03 01:36:26.980591	Difficult nor trial book.
471	80	Deposit	467.81	2024-09-03 01:36:26.980591	Ever buy ahead.
472	80	Deposit	1847.05	2024-09-03 01:36:26.980591	Social admit.
473	81	Withdrawal	1961.43	2024-09-03 01:36:26.980591	Ready something hour that.
474	81	Withdrawal	1631.06	2024-09-03 01:36:26.980591	Science deep.
475	81	Withdrawal	1996.04	2024-09-03 01:36:26.980591	Three investment.
476	82	Transfer	1366.25	2024-09-03 01:36:26.980591	Drug score sound.
477	82	Transfer	1317.10	2024-09-03 01:36:26.980591	Stop civil line.
478	82	Withdrawal	505.80	2024-09-03 01:36:26.980591	Analysis occur pass cost do.
479	82	Deposit	1630.31	2024-09-03 01:36:26.980591	Exist friend.
480	82	Deposit	938.56	2024-09-03 01:36:26.980591	Light yes ago about.
481	83	Transfer	1070.05	2024-09-03 01:36:26.980591	Heart then none.
482	83	Deposit	1129.56	2024-09-03 01:36:26.980591	Fly throughout design activity commercial.
483	83	Withdrawal	1963.61	2024-09-03 01:36:26.980591	Campaign federal nor whatever investment.
484	83	Withdrawal	1711.57	2024-09-03 01:36:26.980591	Offer never thought.
485	83	Withdrawal	1002.87	2024-09-03 01:36:26.980591	Or draw.
486	83	Deposit	1015.32	2024-09-03 01:36:26.980591	Little control.
487	83	Deposit	943.95	2024-09-03 01:36:26.980591	Trouble admit itself.
488	83	Transfer	621.34	2024-09-03 01:36:26.980591	Choose goal really.
489	83	Transfer	1914.24	2024-09-03 01:36:26.980591	Him become everyone.
490	84	Withdrawal	1032.29	2024-09-03 01:36:26.980591	Artist itself quite.
491	84	Transfer	57.05	2024-09-03 01:36:26.980591	Take general.
492	84	Withdrawal	1302.48	2024-09-03 01:36:26.980591	Already bad view.
493	84	Transfer	1048.11	2024-09-03 01:36:26.980591	Finally true.
494	84	Deposit	1255.77	2024-09-03 01:36:26.980591	Clear upon.
495	84	Deposit	135.28	2024-09-03 01:36:26.980591	Wall short start.
496	84	Withdrawal	345.24	2024-09-03 01:36:26.980591	Realize world certain significant.
497	84	Withdrawal	816.01	2024-09-03 01:36:26.980591	Program fear me play.
498	84	Deposit	1642.95	2024-09-03 01:36:26.980591	Boy evidence paper spend.
499	84	Deposit	342.96	2024-09-03 01:36:26.980591	Picture land usually.
500	85	Transfer	1384.02	2024-09-03 01:36:26.980591	Writer yard second these left.
501	85	Deposit	770.44	2024-09-03 01:36:26.980591	Likely off go example there.
502	85	Transfer	968.57	2024-09-03 01:36:26.980591	Consider me across wear.
503	86	Transfer	1420.65	2024-09-03 01:36:26.980591	Another western loss investment us.
504	86	Withdrawal	1878.32	2024-09-03 01:36:26.980591	Present his when first.
505	86	Withdrawal	43.07	2024-09-03 01:36:26.980591	Color cost fund require through.
506	87	Deposit	691.01	2024-09-03 01:36:26.980591	Focus couple meet information.
507	87	Deposit	1783.68	2024-09-03 01:36:26.980591	Conference floor not.
508	87	Withdrawal	1114.63	2024-09-03 01:36:26.980591	System should two so.
509	87	Withdrawal	1834.68	2024-09-03 01:36:26.980591	Course explain Mrs.
510	87	Deposit	319.58	2024-09-03 01:36:26.980591	Future table.
511	87	Transfer	872.57	2024-09-03 01:36:26.980591	Board time write kid beat.
512	87	Transfer	1787.95	2024-09-03 01:36:26.980591	Prove option party threat.
513	87	Withdrawal	1918.40	2024-09-03 01:36:26.980591	Contain only compare.
514	88	Withdrawal	444.60	2024-09-03 01:36:26.980591	Player no.
515	88	Deposit	1751.79	2024-09-03 01:36:26.980591	Serious home establish somebody.
516	88	Withdrawal	304.17	2024-09-03 01:36:26.980591	Hotel those try enough.
517	88	Transfer	116.22	2024-09-03 01:36:26.980591	Big save.
518	89	Deposit	19.73	2024-09-03 01:36:26.980591	Research agree both upon way.
519	89	Deposit	1707.12	2024-09-03 01:36:26.980591	Age other.
520	89	Withdrawal	223.01	2024-09-03 01:36:26.980591	Perhaps civil contain enough.
521	89	Withdrawal	1545.70	2024-09-03 01:36:26.980591	Week impact material nation.
522	90	Withdrawal	1485.24	2024-09-03 01:36:26.980591	Safe wall scientist.
523	90	Withdrawal	975.64	2024-09-03 01:36:26.980591	Read society one purpose there.
524	90	Withdrawal	87.31	2024-09-03 01:36:26.980591	Space year become at.
525	90	Transfer	1231.12	2024-09-03 01:36:26.980591	Forget public.
526	90	Withdrawal	1870.33	2024-09-03 01:36:26.980591	Including discuss safe now.
527	91	Withdrawal	284.99	2024-09-03 01:36:26.980591	Surface thank cover.
528	91	Withdrawal	1892.44	2024-09-03 01:36:26.980591	Pull door forward check occur.
529	91	Withdrawal	1559.05	2024-09-03 01:36:26.980591	Commercial institution mind glass voice.
530	91	Deposit	1129.37	2024-09-03 01:36:26.980591	Budget with sometimes lay look.
531	91	Withdrawal	315.74	2024-09-03 01:36:26.980591	Southern another behind.
532	91	Transfer	188.82	2024-09-03 01:36:26.980591	Fall understand matter hundred.
533	92	Withdrawal	374.06	2024-09-03 01:36:26.980591	Number assume local.
534	92	Deposit	1832.78	2024-09-03 01:36:26.980591	Industry record less require outside.
535	93	Transfer	243.50	2024-09-03 01:36:26.980591	Drive tend analysis improve.
536	93	Transfer	1146.60	2024-09-03 01:36:26.980591	Well check person who.
537	94	Withdrawal	1929.60	2024-09-03 01:36:26.980591	Space order.
538	94	Deposit	1462.96	2024-09-03 01:36:26.980591	Control white region.
539	94	Withdrawal	1614.74	2024-09-03 01:36:26.980591	Knowledge explain explain my yourself.
540	94	Deposit	1941.61	2024-09-03 01:36:26.980591	Picture remain allow then class.
541	94	Deposit	1821.21	2024-09-03 01:36:26.980591	Age land box.
542	94	Withdrawal	1633.69	2024-09-03 01:36:26.980591	Ability hotel perhaps.
543	94	Transfer	1777.07	2024-09-03 01:36:26.980591	Too board million.
544	94	Withdrawal	1068.39	2024-09-03 01:36:26.980591	Before answer rock moment strategy.
545	94	Deposit	1015.73	2024-09-03 01:36:26.980591	Benefit charge paper.
546	95	Withdrawal	918.93	2024-09-03 01:36:26.980591	Information television war city.
547	96	Deposit	115.00	2024-09-03 01:36:26.980591	Enter remember institution medical.
548	96	Withdrawal	1612.21	2024-09-03 01:36:26.980591	South trip process.
549	96	Transfer	832.07	2024-09-03 01:36:26.980591	Involve Congress allow.
550	96	Deposit	985.71	2024-09-03 01:36:26.980591	Him most practice.
551	97	Withdrawal	1592.39	2024-09-03 01:36:26.980591	Right idea throughout game.
552	97	Deposit	90.10	2024-09-03 01:36:26.980591	Campaign notice anything up.
553	97	Deposit	1481.49	2024-09-03 01:36:26.980591	Black tough watch who.
554	97	Deposit	864.68	2024-09-03 01:36:26.980591	Finish car oil true court.
555	97	Withdrawal	1570.52	2024-09-03 01:36:26.980591	Laugh up seat.
556	97	Withdrawal	1517.64	2024-09-03 01:36:26.980591	To return include test.
557	97	Deposit	41.48	2024-09-03 01:36:26.980591	One party control citizen.
558	97	Transfer	1705.53	2024-09-03 01:36:26.980591	Medical assume.
559	97	Deposit	1240.70	2024-09-03 01:36:26.980591	Blood learn avoid start.
560	98	Withdrawal	704.88	2024-09-03 01:36:26.980591	Safe oil art later.
561	98	Deposit	1310.11	2024-09-03 01:36:26.980591	Would sure our.
562	98	Withdrawal	1205.21	2024-09-03 01:36:26.980591	Why experience.
563	98	Transfer	860.08	2024-09-03 01:36:26.980591	Government simply whose.
564	98	Transfer	1857.19	2024-09-03 01:36:26.980591	World affect new none cold.
565	98	Withdrawal	1617.21	2024-09-03 01:36:26.980591	Ability together nation add.
566	98	Deposit	1372.18	2024-09-03 01:36:26.980591	Find plant.
567	98	Transfer	1402.42	2024-09-03 01:36:26.980591	Something police.
568	98	Transfer	102.97	2024-09-03 01:36:26.980591	Control how worker successful.
569	98	Withdrawal	430.54	2024-09-03 01:36:26.980591	Because talk worker.
570	99	Transfer	1163.89	2024-09-03 01:36:26.980591	Writer effort face.
571	99	Withdrawal	492.13	2024-09-03 01:36:26.980591	Body question which.
572	99	Deposit	33.88	2024-09-03 01:36:26.980591	Early create be pay field.
573	99	Deposit	33.13	2024-09-03 01:36:26.980591	Talk my.
574	99	Withdrawal	1933.48	2024-09-03 01:36:26.980591	Under join they.
575	100	Transfer	86.86	2024-09-03 01:36:26.980591	Seven billion choice indicate stay.
576	100	Withdrawal	1452.47	2024-09-03 01:36:26.980591	Oil ok civil lot.
577	100	Withdrawal	788.53	2024-09-03 01:36:26.980591	Today security partner them.
578	100	Deposit	288.60	2024-09-03 01:36:26.980591	Congress image another.
579	100	Transfer	1855.86	2024-09-03 01:36:26.980591	Night go run seat.
1136	\N	Deposit	1629.44	2024-09-03 03:24:03.812404	Defense billion main.
1137	\N	Deposit	1267.64	2024-09-03 03:24:03.812404	Finish could child professional.
1138	\N	Withdrawal	1270.01	2024-09-03 03:24:03.812404	While it start.
1139	\N	Withdrawal	964.05	2024-09-03 03:24:03.812404	System name.
1140	\N	Deposit	1107.99	2024-09-03 03:24:03.812404	Game throughout election.
1141	\N	Transfer	70.87	2024-09-03 03:24:03.812404	Office quite.
1142	\N	Transfer	1233.53	2024-09-03 03:24:03.812404	People television quite.
1143	\N	Deposit	611.21	2024-09-03 03:24:03.812404	Name only clearly claim.
1144	\N	Withdrawal	1339.49	2024-09-03 03:24:03.812404	Brother fall democratic.
1145	\N	Transfer	1748.38	2024-09-03 03:24:03.812404	Institution wear generation station.
1146	\N	Withdrawal	777.53	2024-09-03 03:24:03.812404	Political usually draw avoid usually.
1147	\N	Withdrawal	1830.59	2024-09-03 03:24:03.812404	Shoulder personal high election.
1148	\N	Deposit	1416.97	2024-09-03 03:24:03.812404	Environment over need stock exactly.
1149	\N	Withdrawal	53.20	2024-09-03 03:24:03.812404	Especially fish.
1150	\N	Deposit	523.89	2024-09-03 03:24:03.812404	Someone listen degree national peace.
1151	\N	Transfer	395.54	2024-09-03 03:24:03.812404	Heart position next newspaper out.
1152	\N	Transfer	178.73	2024-09-03 03:24:03.812404	Rule recent now rock.
1153	\N	Transfer	1644.44	2024-09-03 03:24:03.812404	Entire exactly culture.
1154	\N	Withdrawal	1242.11	2024-09-03 03:24:03.812404	True truth feeling however.
1155	\N	Transfer	1416.61	2024-09-03 03:24:03.812404	Where society look.
1156	\N	Deposit	1905.84	2024-09-03 03:24:03.812404	Short which forward.
1157	\N	Transfer	589.95	2024-09-03 03:24:03.812404	Successful station contain.
1158	\N	Transfer	1472.51	2024-09-03 03:24:03.812404	Shoulder data city another.
1159	\N	Deposit	1872.17	2024-09-03 03:24:03.812404	Wrong section best pressure.
1160	\N	Deposit	121.48	2024-09-03 03:24:03.812404	Short lay environmental instead can.
1161	\N	Deposit	1260.74	2024-09-03 03:24:03.812404	National despite.
1162	\N	Transfer	12.56	2024-09-03 03:24:03.812404	Write throughout whole catch.
1163	\N	Transfer	1858.81	2024-09-03 03:24:03.812404	Market factor address current.
1164	\N	Withdrawal	811.50	2024-09-03 03:24:03.812404	When particularly seven Democrat.
1165	\N	Transfer	220.86	2024-09-03 03:24:03.812404	Air international conference official.
1166	\N	Transfer	1552.63	2024-09-03 03:24:03.812404	North decision each pay.
1167	\N	Transfer	1554.07	2024-09-03 03:24:03.812404	Itself while while talk.
1168	\N	Deposit	99.99	2024-09-03 03:24:03.812404	Sea thus this break.
1169	\N	Withdrawal	354.44	2024-09-03 03:24:03.812404	Since military brother.
1170	\N	Transfer	1112.37	2024-09-03 03:24:03.812404	Dream final east so concern.
1171	\N	Withdrawal	1661.41	2024-09-03 03:24:03.812404	Car show.
1172	\N	Transfer	1838.44	2024-09-03 03:24:03.812404	Difference growth suggest interesting boy.
1173	\N	Transfer	700.84	2024-09-03 03:24:03.812404	Safe rule mission everybody.
1174	\N	Transfer	181.18	2024-09-03 03:24:03.812404	Financial tonight forget.
1175	\N	Withdrawal	471.37	2024-09-03 03:24:03.812404	Social politics lose environment.
1176	\N	Withdrawal	1211.77	2024-09-03 03:24:03.812404	Fire center government catch.
1177	\N	Deposit	1612.91	2024-09-03 03:24:03.812404	Magazine record recently.
1178	\N	Transfer	544.49	2024-09-03 03:24:03.812404	Consumer indeed.
1179	\N	Deposit	1277.14	2024-09-03 03:24:03.812404	Its different.
1180	\N	Deposit	982.03	2024-09-03 03:24:03.812404	Keep past door summer.
1181	\N	Deposit	275.72	2024-09-03 03:24:03.812404	Work cold draw.
1182	\N	Deposit	815.37	2024-09-03 03:24:03.812404	Back past country.
1183	\N	Withdrawal	946.29	2024-09-03 03:24:03.812404	Sea management though put.
1184	\N	Withdrawal	958.40	2024-09-03 03:24:03.812404	President cut wear she item.
1185	\N	Deposit	1457.90	2024-09-03 03:24:03.812404	Day physical lead hair.
1186	\N	Withdrawal	202.94	2024-09-03 03:24:03.812404	Week walk discuss public physical.
1187	\N	Transfer	1432.32	2024-09-03 03:24:03.812404	Cost enjoy position threat.
1188	\N	Withdrawal	1302.98	2024-09-03 03:24:03.812404	Responsibility guy wrong.
1189	\N	Deposit	1684.89	2024-09-03 03:24:03.812404	Call situation.
1190	\N	Transfer	884.45	2024-09-03 03:24:03.812404	Reach reveal design interesting.
1191	\N	Withdrawal	13.18	2024-09-03 03:24:03.812404	Blood ok wall tonight.
1192	\N	Withdrawal	1080.69	2024-09-03 03:24:03.812404	Less try.
1193	\N	Transfer	94.20	2024-09-03 03:24:03.812404	Chair material represent.
1194	\N	Transfer	1045.54	2024-09-03 03:24:03.812404	Young star expert.
1195	\N	Withdrawal	922.55	2024-09-03 03:24:03.812404	Tonight hear outside eat glass.
1196	\N	Transfer	1521.72	2024-09-03 03:24:03.812404	Thousand modern.
1197	\N	Transfer	1878.59	2024-09-03 03:24:03.812404	Professional itself option style.
1198	\N	Deposit	1638.59	2024-09-03 03:24:03.812404	Evidence finally.
1199	\N	Withdrawal	300.59	2024-09-03 03:24:03.812404	National history arrive.
1200	\N	Deposit	642.82	2024-09-03 03:24:03.812404	Parent ability question own.
1201	\N	Withdrawal	1961.86	2024-09-03 03:24:03.812404	Role prepare leader box.
1202	\N	Withdrawal	285.55	2024-09-03 03:24:03.812404	People plan night.
1203	\N	Withdrawal	1847.62	2024-09-03 03:24:03.812404	Single wonder charge.
1204	\N	Deposit	350.28	2024-09-03 03:24:03.812404	Ability hour happy meet.
1205	\N	Transfer	1272.01	2024-09-03 03:24:03.812404	Itself clearly end.
1206	\N	Withdrawal	613.07	2024-09-03 03:24:03.812404	Before public boy drug.
1207	\N	Transfer	937.34	2024-09-03 03:24:03.812404	Reduce boy wide.
1208	\N	Withdrawal	403.02	2024-09-03 03:24:03.812404	Heavy work star stock.
1209	\N	Deposit	76.78	2024-09-03 03:24:03.812404	Anyone account music ever later.
1210	\N	Transfer	1294.22	2024-09-03 03:24:03.812404	Speak road price box person.
1211	\N	Deposit	199.12	2024-09-03 03:24:03.812404	Ten office recognize.
1212	\N	Withdrawal	359.04	2024-09-03 03:24:03.812404	Report system strategy.
1213	\N	Deposit	1306.88	2024-09-03 03:24:03.812404	Low free experience animal.
1214	\N	Deposit	899.55	2024-09-03 03:24:03.812404	Three tax pass feel food.
1215	\N	Transfer	864.32	2024-09-03 03:24:03.812404	Left baby agree factor.
1216	\N	Withdrawal	681.63	2024-09-03 03:24:03.812404	Prepare education before opportunity finally.
1217	\N	Withdrawal	1713.38	2024-09-03 03:24:03.812404	Indicate wear officer among.
1218	\N	Transfer	1396.90	2024-09-03 03:24:03.812404	Me affect.
1219	\N	Deposit	1684.04	2024-09-03 03:24:03.812404	Serious similar.
1220	\N	Withdrawal	405.23	2024-09-03 03:24:03.812404	Direction huge into wall only.
1221	\N	Transfer	156.17	2024-09-03 03:24:03.812404	Quite final reveal.
1222	\N	Transfer	370.94	2024-09-03 03:24:03.812404	Home language.
1223	\N	Withdrawal	1223.77	2024-09-03 03:24:03.812404	Carry person resource.
1224	\N	Transfer	1098.84	2024-09-03 03:24:03.812404	Bill parent government.
1225	\N	Deposit	831.05	2024-09-03 03:24:03.812404	If mind participant nor.
1226	\N	Withdrawal	1679.10	2024-09-03 03:24:03.812404	Describe feeling training kitchen.
1227	\N	Withdrawal	1577.03	2024-09-03 03:24:03.812404	Civil pass similar child.
1228	\N	Transfer	838.99	2024-09-03 03:24:03.812404	Right article edge later.
1229	\N	Deposit	92.28	2024-09-03 03:24:03.812404	Painting chair music ever.
1230	\N	Withdrawal	1711.05	2024-09-03 03:24:03.812404	About agent personal father.
1231	\N	Deposit	1959.18	2024-09-03 03:24:03.812404	General focus painting major.
1232	\N	Deposit	1766.54	2024-09-03 03:24:03.812404	Then kind myself.
1233	\N	Withdrawal	1398.64	2024-09-03 03:24:03.812404	Decade finally.
1234	\N	Transfer	958.22	2024-09-03 03:24:03.812404	Wish second tax hour kind.
1235	\N	Deposit	327.18	2024-09-03 03:24:03.812404	Culture challenge travel.
1236	\N	Deposit	907.09	2024-09-03 03:24:03.812404	Represent range.
1237	\N	Deposit	1848.35	2024-09-03 03:24:03.812404	Imagine see drive activity.
1238	\N	Transfer	985.78	2024-09-03 03:24:03.812404	Health near four protect side.
1239	\N	Deposit	1172.52	2024-09-03 03:24:03.812404	Natural another million collection.
1240	\N	Deposit	990.09	2024-09-03 03:24:03.812404	Race such stage sister benefit.
1241	\N	Withdrawal	649.32	2024-09-03 03:24:03.812404	Hospital probably leg.
1242	\N	Withdrawal	561.61	2024-09-03 03:24:03.812404	Special through.
1243	\N	Transfer	1136.63	2024-09-03 03:24:03.812404	Thought pass maybe method.
1244	\N	Transfer	459.30	2024-09-03 03:24:03.812404	Dark plan wear investment event.
1245	\N	Transfer	900.18	2024-09-03 03:24:03.812404	Green capital staff.
1246	\N	Deposit	189.00	2024-09-03 03:24:03.812404	She whose choose street.
1247	\N	Transfer	467.04	2024-09-03 03:24:03.812404	Cut off writer customer.
1248	\N	Transfer	574.35	2024-09-03 03:24:03.812404	Customer officer.
1249	\N	Deposit	352.95	2024-09-03 03:24:03.812404	Start wrong me federal.
1250	\N	Deposit	1551.37	2024-09-03 03:24:03.812404	Authority admit amount.
1251	\N	Transfer	1643.06	2024-09-03 03:24:03.812404	Difference mother.
1252	\N	Transfer	1671.41	2024-09-03 03:24:03.812404	For describe reduce.
1253	\N	Transfer	1932.22	2024-09-03 03:24:03.812404	Themselves sea service.
1254	\N	Withdrawal	911.81	2024-09-03 03:24:03.812404	Nothing mind only style.
1255	\N	Deposit	684.04	2024-09-03 03:24:03.812404	Item partner relate.
1256	\N	Deposit	26.04	2024-09-03 03:24:03.812404	Not participant I method house.
1257	\N	Withdrawal	1213.77	2024-09-03 03:24:03.812404	Never little those care news.
1258	\N	Withdrawal	88.58	2024-09-03 03:24:03.812404	Yourself hair at major town.
1259	\N	Transfer	1410.92	2024-09-03 03:24:03.812404	Open himself resource investment window.
1260	\N	Withdrawal	1930.05	2024-09-03 03:24:03.812404	Determine guess food order.
1261	\N	Transfer	1126.72	2024-09-03 03:24:03.812404	Head issue memory ago.
1262	\N	Withdrawal	1543.84	2024-09-03 03:24:03.812404	Community when.
1263	\N	Transfer	490.00	2024-09-03 03:24:03.812404	Left nothing story billion.
1264	\N	Transfer	1990.39	2024-09-03 03:24:03.812404	Kid eight.
1265	\N	Transfer	485.57	2024-09-03 03:24:03.812404	Family go ability moment.
1266	\N	Transfer	1319.50	2024-09-03 03:24:03.812404	Amount movement lot.
1267	\N	Transfer	728.12	2024-09-03 03:24:03.812404	Institution one.
1268	\N	Deposit	1073.28	2024-09-03 03:24:03.812404	Girl reach.
1269	\N	Transfer	119.85	2024-09-03 03:24:03.812404	Exist stop upon speak.
1270	\N	Deposit	183.42	2024-09-03 03:52:42.297517	Accept husband assume everyone force.
1271	\N	Deposit	1663.54	2024-09-03 03:52:42.297517	Best build herself.
1272	\N	Deposit	1301.48	2024-09-03 03:52:42.297517	Outside still sea.
1273	\N	Deposit	337.52	2024-09-03 03:52:42.297517	Front top billion local ability.
1274	\N	Deposit	657.89	2024-09-03 03:52:42.297517	Money fish two.
1275	\N	Transfer	934.90	2024-09-03 03:52:42.297517	Item according care.
1276	\N	Deposit	1285.25	2024-09-03 03:52:42.297517	Thousand both.
1277	\N	Withdrawal	534.36	2024-09-03 03:52:42.297517	Tend pass success.
1278	\N	Transfer	1900.44	2024-09-03 03:52:42.297517	Visit position improve teach specific.
1279	\N	Deposit	938.86	2024-09-03 03:52:42.297517	Cost hair box some.
1280	\N	Withdrawal	1774.53	2024-09-03 03:52:42.297517	As on government.
1281	\N	Withdrawal	214.96	2024-09-03 03:52:42.297517	Key including.
1282	\N	Withdrawal	251.94	2024-09-03 03:52:42.297517	Writer senior design purpose whole.
1283	\N	Deposit	1587.38	2024-09-03 03:52:42.297517	My reduce program.
1284	\N	Withdrawal	1784.95	2024-09-03 03:52:42.297517	Tonight kind support.
1285	\N	Deposit	1787.16	2024-09-03 03:52:42.297517	Old customer article.
1286	\N	Withdrawal	383.49	2024-09-03 03:52:42.297517	Design gun message.
1287	\N	Withdrawal	1175.29	2024-09-03 03:52:42.297517	Community everything eight story not.
1288	\N	Withdrawal	1309.94	2024-09-03 03:52:42.297517	Simple certain along.
1289	\N	Deposit	1759.35	2024-09-03 03:52:42.297517	Left participant small.
1290	\N	Transfer	705.53	2024-09-03 03:52:42.297517	Class baby other born.
1291	\N	Deposit	173.33	2024-09-03 03:52:42.297517	Inside few anyone start.
1292	\N	Transfer	844.67	2024-09-03 03:52:42.297517	Way continue moment common.
1293	\N	Deposit	687.84	2024-09-03 03:52:42.297517	Hour suffer training job.
1294	\N	Transfer	1190.94	2024-09-03 03:52:42.297517	Child young federal two.
1295	\N	Deposit	1817.70	2024-09-03 03:52:42.297517	Challenge central respond doctor staff.
1296	\N	Transfer	363.39	2024-09-03 03:52:42.297517	Staff catch call huge.
1297	\N	Deposit	616.32	2024-09-03 03:52:42.297517	Bad choice side similar wind.
1298	\N	Deposit	1568.15	2024-09-03 03:52:42.297517	Specific among oil.
1299	\N	Deposit	1842.02	2024-09-03 03:52:42.297517	Think include ask.
1300	\N	Transfer	939.07	2024-09-03 03:52:42.297517	Young money friend.
1301	\N	Deposit	1794.06	2024-09-03 03:52:42.297517	Last themselves strategy risk way.
1302	\N	Transfer	679.27	2024-09-03 03:52:42.297517	Very feeling realize against.
1303	\N	Deposit	187.65	2024-09-03 03:52:42.297517	Remain war.
1304	\N	Deposit	185.71	2024-09-03 03:52:42.297517	Traditional race no page.
1305	\N	Deposit	59.01	2024-09-03 03:52:42.297517	Establish life charge.
1306	\N	Deposit	1743.12	2024-09-03 03:52:42.297517	Share news.
1307	\N	Transfer	1351.85	2024-09-03 03:52:42.297517	Specific yet movement piece while.
1308	\N	Withdrawal	1275.97	2024-09-03 03:52:42.297517	Type ball against story.
1309	\N	Withdrawal	495.60	2024-09-03 03:52:42.297517	Enjoy however maybe religious season.
1310	\N	Withdrawal	1812.30	2024-09-03 03:52:42.297517	Table peace.
1311	\N	Withdrawal	1553.54	2024-09-03 03:52:42.297517	White boy defense or.
1312	\N	Withdrawal	254.10	2024-09-03 03:52:42.297517	Than evidence summer.
1313	\N	Deposit	347.10	2024-09-03 03:52:42.297517	Group fish forget.
1314	\N	Deposit	537.87	2024-09-03 03:52:42.297517	Exactly energy high.
1315	\N	Transfer	188.35	2024-09-03 03:52:42.297517	Skill us very friend house.
1316	\N	Transfer	1357.56	2024-09-03 03:52:42.297517	Mean easy member.
1317	\N	Deposit	1464.20	2024-09-03 03:52:42.297517	Street Mr health.
1318	\N	Deposit	142.40	2024-09-03 03:52:42.297517	Care follow thank thing career.
1319	\N	Deposit	1157.07	2024-09-03 03:52:42.297517	Stuff responsibility contain.
1320	\N	Transfer	518.07	2024-09-03 03:52:42.297517	Forward prove process.
1321	\N	Transfer	1250.81	2024-09-03 03:52:42.297517	Produce state.
1322	\N	Deposit	809.50	2024-09-03 03:52:42.297517	Sound four.
1323	\N	Withdrawal	1713.90	2024-09-03 03:52:42.297517	From class natural.
1324	\N	Transfer	227.85	2024-09-03 03:52:42.297517	Brother continue.
1325	\N	Deposit	676.29	2024-09-03 03:52:42.297517	Wall wall research hair.
1326	\N	Transfer	1458.38	2024-09-03 03:52:42.297517	Including character represent.
1327	\N	Transfer	1152.76	2024-09-03 03:52:42.297517	Police up threat mother.
1328	\N	Deposit	835.50	2024-09-03 03:52:42.297517	Still at decide board.
1329	\N	Withdrawal	132.31	2024-09-03 03:52:42.297517	Outside relate nothing have.
1330	\N	Withdrawal	995.25	2024-09-03 03:52:42.297517	Skin low establish guess event.
1331	\N	Withdrawal	672.99	2024-09-03 03:52:42.297517	Field spring himself pull service.
1332	\N	Deposit	218.22	2024-09-03 03:52:42.297517	Black one my media concern.
1333	\N	Deposit	1378.58	2024-09-03 03:52:42.297517	Professor simple somebody room.
1334	\N	Transfer	796.03	2024-09-03 03:52:42.297517	Indeed a ever research.
1335	\N	Withdrawal	1459.34	2024-09-03 03:52:42.297517	Say policy big to.
1336	\N	Transfer	982.22	2024-09-03 03:52:42.297517	Return bad nature.
1337	\N	Withdrawal	1933.48	2024-09-03 03:52:42.297517	When media tell.
1338	\N	Deposit	1324.53	2024-09-03 03:52:42.297517	Out director similar until cut.
1339	\N	Withdrawal	850.39	2024-09-03 03:52:42.297517	Local drug notice state stock.
1340	\N	Deposit	1410.41	2024-09-03 03:52:42.297517	Different everybody necessary dog marriage.
1341	\N	Transfer	238.66	2024-09-03 03:52:42.297517	Talk project.
1342	\N	Withdrawal	856.71	2024-09-03 03:52:42.297517	Then him.
1343	\N	Deposit	1610.77	2024-09-03 03:52:42.297517	Team wish impact early.
1344	\N	Deposit	91.17	2024-09-03 03:52:42.297517	No reach whatever each dog.
1345	\N	Withdrawal	76.48	2024-09-03 03:52:42.297517	Old whose information similar.
1346	\N	Deposit	583.24	2024-09-03 03:52:42.297517	Each manage practice marriage.
1347	\N	Transfer	749.86	2024-09-03 03:52:42.297517	Than only hundred Republican.
1348	\N	Deposit	904.32	2024-09-03 03:52:42.297517	Note ready only owner.
1349	\N	Transfer	1491.60	2024-09-03 03:52:42.297517	During full each.
1350	\N	Withdrawal	1298.03	2024-09-03 03:52:42.297517	Less change.
1351	\N	Withdrawal	1014.44	2024-09-03 03:52:42.297517	Both business either professional safe.
1352	\N	Transfer	134.86	2024-09-03 03:52:42.297517	Opportunity significant.
1353	\N	Withdrawal	923.07	2024-09-03 03:52:42.297517	Room second between.
1354	\N	Transfer	357.65	2024-09-03 03:52:42.297517	Son something generation base right.
1355	\N	Deposit	392.92	2024-09-03 03:52:42.297517	Event talk return over challenge.
1356	\N	Transfer	626.73	2024-09-03 03:52:42.297517	Seem mind hard give need.
1357	\N	Withdrawal	677.31	2024-09-03 03:52:42.297517	His none none real.
1358	\N	Transfer	318.22	2024-09-03 03:52:42.297517	Magazine open.
1359	\N	Transfer	608.53	2024-09-03 03:52:42.297517	Simple color skin smile.
1360	\N	Transfer	1152.21	2024-09-03 03:52:42.297517	Present compare.
1361	\N	Deposit	970.07	2024-09-03 03:52:42.297517	Trial about best.
1362	\N	Transfer	1996.38	2024-09-03 03:52:42.297517	Their office ok season.
1363	\N	Deposit	948.19	2024-09-03 03:52:42.297517	Between common myself.
1364	\N	Deposit	1091.27	2024-09-03 03:52:42.297517	Work else can itself.
1365	\N	Deposit	199.78	2024-09-03 03:52:42.297517	Card evening personal go.
1366	\N	Withdrawal	1843.75	2024-09-03 03:52:42.297517	Control their.
1367	\N	Deposit	175.14	2024-09-03 03:52:42.297517	Movie writer reduce mouth program.
1368	\N	Withdrawal	1984.78	2024-09-03 03:52:42.297517	Message receive gas.
1369	\N	Transfer	1821.97	2024-09-03 03:52:42.297517	Amount spend.
1370	\N	Transfer	1086.89	2024-09-03 03:52:42.297517	Over turn say happy read.
1371	\N	Transfer	1350.68	2024-09-03 03:52:42.297517	Imagine simply.
1372	\N	Transfer	29.27	2024-09-03 03:52:42.297517	Possible way alone.
1373	\N	Withdrawal	1827.73	2024-09-03 03:52:42.297517	Scene affect.
1374	\N	Withdrawal	1920.67	2024-09-03 03:52:42.297517	Admit color star minute.
1375	\N	Deposit	1104.01	2024-09-03 03:52:42.297517	Former culture stage.
1376	\N	Transfer	337.81	2024-09-03 03:52:42.297517	Represent leg help.
1377	\N	Withdrawal	414.08	2024-09-03 03:52:42.297517	Really stuff.
1378	\N	Deposit	1843.86	2024-09-03 03:52:42.297517	Without research only.
1379	\N	Deposit	662.37	2024-09-03 03:52:42.297517	Place support care charge.
1380	\N	Deposit	1086.35	2024-09-03 03:52:42.297517	Certainly report official.
1381	\N	Deposit	1688.57	2024-09-03 03:52:42.297517	Hand team expert training least.
1382	\N	Deposit	1008.00	2024-09-03 03:52:42.297517	Attorney then above population.
1383	\N	Deposit	597.42	2024-09-03 03:52:42.297517	Be push.
1384	\N	Withdrawal	727.61	2024-09-03 03:52:42.297517	Color job take learn.
1385	\N	Transfer	970.48	2024-09-03 03:52:42.297517	Push pick modern wish war.
1386	\N	Withdrawal	1070.67	2024-09-03 03:52:42.297517	Bed civil cause in charge.
1387	\N	Withdrawal	1889.23	2024-09-03 03:52:42.297517	Unit stop heart position end.
1388	\N	Deposit	954.56	2024-09-03 03:52:42.297517	Beyond ability sea.
1389	\N	Deposit	1291.23	2024-09-03 03:52:42.297517	Positive upon now score.
1390	\N	Deposit	674.85	2024-09-03 03:52:42.297517	Southern choose again.
1391	\N	Deposit	1257.43	2024-09-03 03:52:42.297517	Knowledge style create citizen exactly.
1392	\N	Transfer	1868.49	2024-09-03 03:52:42.297517	Tree cause green pattern serve.
1393	\N	Transfer	69.03	2024-09-03 03:52:42.297517	Rich night thank medical wait.
1394	\N	Transfer	170.06	2024-09-03 03:52:42.297517	Section discuss approach.
1395	\N	Deposit	147.12	2024-09-03 03:52:42.297517	Budget than represent traditional.
1396	\N	Withdrawal	721.30	2024-09-03 03:52:42.297517	Cell against attack.
1397	\N	Deposit	246.32	2024-09-03 03:52:42.297517	Interest rule gun share.
1398	\N	Withdrawal	572.18	2024-09-03 03:52:42.297517	Military able attention chance.
1399	\N	Deposit	996.64	2024-09-03 03:52:42.297517	Month above today.
1400	\N	Transfer	1816.52	2024-09-03 03:52:42.297517	Prepare poor buy later.
1401	\N	Withdrawal	344.60	2024-09-03 03:52:42.297517	Trip stay walk increase debate.
1402	\N	Deposit	621.49	2024-09-03 03:52:42.297517	Law\n\n number use.
1403	\N	Transfer	795.95	2024-09-03 03:52:42.297517	Then past above.
1404	\N	Deposit	1861.73	2024-09-03 03:52:42.297517	Source read choice live.
1405	\N	Deposit	934.00	2024-09-03 03:52:42.297517	Indeed.
1406	\N	Deposit	1023.60	2024-09-03 03:52:42.297517	Group can mother various.
1407	\N	Transfer	329.58	2024-09-03 03:52:42.297517	Available land way.
1408	\N	Deposit	158.82	2024-09-03 03:52:42.297517	Six newspaper local decide get business.
1409	\N	Transfer	699.65	2024-09-03 03:52:42.297517	Others goal green common.
1410	\N	Deposit	370.34	2024-09-03 03:52:42.297517	Inside a task nation.
1411	\N	Deposit	635.79	2024-09-03 03:52:42.297517	Speak safe manage her remain go.
1412	\N	Withdrawal	101.90	2024-09-03 03:52:42.297517	Relate night wife leave point.
1413	\N	Transfer	1201.65	2024-09-03 03:52:42.297517	Relate check.
1414	\N	Transfer	43.16	2024-09-03 03:52:42.297517	Page medical little final two.
1415	\N	Transfer	624.74	2024-09-03 03:52:42.297517	Which media night more.
1416	\N	Withdrawal	587.59	2024-09-03 03:52:42.297517	Person important.
1417	\N	Transfer	665.80	2024-09-03 03:52:42.297517	Focus call.
1418	\N	Transfer	284.09	2024-09-03 03:52:42.297517	Energy mission when once decide remain.
1419	\N	Withdrawal	977.88	2024-09-03 03:52:42.297517	News car office continue.
1420	\N	Withdrawal	612.63	2024-09-03 03:52:42.297517	Evidence understand news check.
1421	\N	Transfer	206.87	2024-09-03 03:52:42.297517	Me or name.
1422	\N	Deposit	1283.62	2024-09-03 03:52:42.297517	All add couple continue head.
1423	\N	Deposit	706.21	2024-09-03 03:52:42.297517	Oil name new.
1424	\N	Deposit	1786.56	2024-09-03 03:52:42.297517	Drive continue.
1425	\N	Deposit	1011.57	2024-09-03 03:52:42.297517	This month.
1426	\N	Withdrawal	823.57	2024-09-03 03:52:42.297517	Third.
1427	\N	Transfer	1545.21	2024-09-03 03:52:42.297517	This run people live.
1428	\N	Deposit	1152.90	2024-09-03 03:52:42.297517	Various investment.
1429	\N	Deposit	345.55	2024-09-03 03:52:42.297517	Indicate treatment pass top back.
1430	\N	Withdrawal	125.93	2024-09-03 03:52:42.297517	Investment same.
1431	\N	Deposit	1595.55	2024-09-03 03:52:42.297517	Information fight.
1432	\N	Deposit	1772.35	2024-09-03 03:52:42.297517	Country respond real again.
1433	\N	Transfer	1464.91	2024-09-03 03:52:42.297517	Serious type often.
1434	\N	Deposit	658.23	2024-09-03 03:52:42.297517	American ahead experience.
1435	\N	Deposit	1514.95	2024-09-03 03:52:42.297517	Run itself issue.
1436	\N	Transfer	1085.81	2024-09-03 03:52:42.297517	Avoid important.
1437	\N	Deposit	125.22	2024-09-03 03:52:42.297517	Most show staff side.
1438	\N	Deposit	575.71	2024-09-03 03:52:42.297517	While outside number.
1439	\N	Deposit	891.55	2024-09-03 03:52:42.297517	Around may official.
1440	\N	Transfer	734.83	2024-09-03 03:52:42.297517	These learn.
1441	\N	Withdrawal	1331.21	2024-09-03 03:52:42.297517	If question major.
1442	\N	Withdrawal	356.90	2024-09-03 03:52:42.297517	Top ahead find.
1443	\N	Withdrawal	1855.34	2024-09-03 03:52:42.297517	Today movement.
1444	\N	Deposit	1134.61	2024-09-03 03:52:42.297517	Together final effect.
1445	\N	Deposit	281.37	2024-09-03 03:52:42.297517	Design itself put.
1446	\N	Withdrawal	1101.96	2024-09-03 03:52:42.297517	Focus.
1447	\N	Transfer	166.40	2024-09-03 03:52:42.297517	Raise choose skill expect.
1448	\N	Withdrawal	86.00	2024-09-03 03:52:42.297517	Case type.
1449	\N	Withdrawal	361.67	2024-09-03 03:52:42.297517	Car where.
1450	\N	Transfer	786.71	2024-09-03 03:52:42.297517	Read book.
1451	\N	Deposit	1151.82	2024-09-03 03:52:42.297517	Ability list.
1452	\N	Transfer	123.96	2024-09-03 03:52:42.297517	Return at.
1453	\N	Deposit	1675.89	2024-09-03 03:52:42.297517	Heavy near.
1454	\N	Withdrawal	1536.47	2024-09-03 03:52:42.297517	Short about.
1455	\N	Transfer	245.54	2024-09-03 03:52:42.297517	Action order.
1456	\N	Deposit	203.46	2024-09-03 03:52:42.297517	Over cold.
1457	\N	Deposit	572.69	2024-09-03 03:52:42.297517	Ask plan.
1458	\N	Transfer	701.18	2024-09-03 03:52:42.297517	Involve anything.
1459	\N	Deposit	728.10	2024-09-03 03:52:42.297517	Three board big.
1460	\N	Withdrawal	518.61	2024-09-03 03:52:42.297517	Clearly.
1461	\N	Transfer	275.88	2024-09-03 03:52:42.297517	Off line.
1462	\N	Transfer	1296.51	2024-09-03 03:52:42.297517	Discuss loss.
1463	\N	Deposit	1936.68	2024-09-03 03:52:42.297517	Specific.
1464	\N	Deposit	1134.67	2024-09-03 03:52:42.297517	Somebody once.
1465	\N	Transfer	442.53	2024-09-03 03:52:42.297517	First.
1466	\N	Withdrawal	287.51	2024-09-03 03:52:42.297517	Network.
1467	\N	Deposit	1608.52	2024-09-03 03:52:42.297517	Main study.
1468	\N	Transfer	1038.58	2024-09-03 03:52:42.297517	Determine find explain.
1469	\N	Deposit	680.73	2024-09-03 03:52:42.297517	Under financial myself.
1470	\N	Withdrawal	118.63	2024-09-03 03:52:42.297517	Research yourself important check.
1471	\N	Transfer	708.78	2024-09-03 03:52:42.297517	Leg less.
1472	\N	Withdrawal	258.72	2024-09-03 03:52:42.297517	Red market against listen.
1473	\N	Deposit	1482.89	2024-09-03 03:52:42.297517	State since area.
1474	\N	Withdrawal	1775.32	2024-09-03 03:52:42.297517	Main order.
1475	\N	Deposit	49.66	2024-09-03 03:52:42.297517	City beyond.
1476	\N	Deposit	1706.58	2024-09-03 03:52:42.297517	Model poor.
1477	\N	Transfer	304.15	2024-09-03 03:52:42.297517	Strong indeed.
1478	\N	Withdrawal	971.00	2024-09-03 03:52:42.297517	Order medical hospital.
1479	\N	Deposit	702.24	2024-09-03 03:52:42.297517	Each evening environment choose various.
1480	\N	Deposit	658.53	2024-09-03 03:52:42.297517	Hand media not.
1481	\N	Transfer	1477.19	2024-09-03 03:52:42.297517	Position issue road.
1482	\N	Transfer	469.20	2024-09-03 03:52:42.297517	Public member stage back.
1483	\N	Deposit	1715.71	2024-09-03 03:52:42.297517	Challenge one.
1484	\N	Deposit	698.74	2024-09-03 03:52:42.297517	Class total.
1485	\N	Transfer	1453.10	2024-09-03 03:52:42.297517	Pressure interest accept measure.
1486	\N	Deposit	766.96	2024-09-03 03:52:42.297517	Return mission could general.
1487	\N	Withdrawal	1337.52	2024-09-03 03:52:42.297517	Evening small near.
1488	\N	Transfer	163.89	2024-09-03 03:52:42.297517	Push speak fact medical reality.
1489	\N	Deposit	257.23	2024-09-03 03:52:42.297517	Between stand.
1490	\N	Withdrawal	212.95	2024-09-03 03:52:42.297517	North join.
1491	\N	Transfer	367.44	2024-09-03 03:52:42.297517	Very include.
1492	\N	Withdrawal	1841.43	2024-09-03 03:52:42.297517	Get account.
1493	\N	Deposit	883.76	2024-09-03 03:52:42.297517	Free job mother big.
1494	\N	Deposit	694.48	2024-09-03 03:52:42.297517	Husband official first hour issue.
1495	\N	Transfer	1454.99	2024-09-03 03:52:42.297517	Part hand how.
1496	\N	Withdrawal	170.47	2024-09-03 03:52:42.297517	Force herself industry.
1497	\N	Transfer	1764.10	2024-09-03 03:52:42.297517	Increase appear.
1498	\N	Deposit	550.29	2024-09-03 03:52:42.297517	Support.
1499	\N	Deposit	1961.30	2024-09-03 03:52:42.297517	Oil car buy.
1500	\N	Deposit	274.84	2024-09-03 03:52:42.297517	Plan create.
1501	\N	Transfer	1157.89	2024-09-03 03:52:42.297517	Lose machine.
1502	\N	Deposit	1012.91	2024-09-03 03:52:42.297517	Which own nature.
1503	\N	Transfer	1522.55	2024-09-03 03:52:42.297517	Free help few.
1504	\N	Transfer	1840.30	2024-09-03 03:52:42.297517	Want.
1505	\N	Withdrawal	258.30	2024-09-03 03:52:42.297517	Meet friend.
1506	\N	Deposit	56.88	2024-09-03 03:52:42.297517	Fact later.
1507	\N	Withdrawal	1010.37	2024-09-03 03:52:42.297517	Effort or.
1508	\N	Transfer	1344.43	2024-09-03 03:52:42.297517	Line.
1509	\N	Deposit	1904.62	2024-09-03 03:52:42.297517	Late season.
1510	\N	Withdrawal	1658.93	2024-09-03 03:52:42.297517	Choose music.
1511	\N	Transfer	135.59	2024-09-03 03:52:42.297517	Team audience popular security.
1512	\N	Transfer	558.44	2024-09-03 03:52:42.297517	List develop not.
1513	\N	Transfer	623.09	2024-09-03 03:52:42.297517	All remain news follow.
1514	\N	Deposit	118.63	2024-09-03 03:52:42.297517	Side.
1515	\N	Deposit	1867.97	2024-09-03 03:52:42.297517	Government ready hard.
1516	\N	Transfer	277.76	2024-09-03 03:52:42.297517	What last.
1517	\N	Deposit	1645.47	2024-09-03 03:52:42.297517	Right.
1518	\N	Transfer	468.69	2024-09-03 03:52:42.297517	Body risk.
1519	\N	Withdrawal	680.65	2024-09-03 03:52:42.297517	Involve.
1520	\N	Deposit	533.29	2024-09-03 03:52:42.297517	Tell industry account popular.
1521	\N	Deposit	1231.66	2024-09-03 03:52:42.297517	Culture provide budget concern about.
1522	\N	Deposit	536.31	2024-09-03 03:52:42.297517	Reduce control.
1523	\N	Deposit	1461.40	2024-09-03 03:52:42.297517	Half series.
1524	\N	Transfer	591.34	2024-09-03 03:52:42.297517	Record term yourself.
1525	\N	Deposit	1191.63	2024-09-03 03:52:42.297517	Remain anything.
1526	\N	Deposit	1868.78	2024-09-03 03:52:42.297517	Group black.
1527	\N	Deposit	315.76	2024-09-03 03:52:42.297517	Meet recent.
1528	\N	Deposit	1294.24	2024-09-03 03:52:42.297517	Role.
1529	\N	Transfer	138.82	2024-09-03 03:52:42.297517	Environment goal.
1530	\N	Transfer	877.20	2024-09-03 03:52:42.297517	Medical support.
1531	\N	Deposit	337.84	2024-09-03 03:52:42.297517	Goal reach name.
1532	\N	Deposit	701.85	2024-09-03 03:52:42.297517	Moment small.
1533	\N	Deposit	1148.65	2024-09-03 03:52:42.297517	General.
1534	\N	Transfer	1171.32	2024-09-03 03:52:42.297517	Economic purpose should.
1535	\N	Transfer	374.40	2024-09-03 03:52:42.297517	Something.
1536	\N	Transfer	1547.09	2024-09-03 03:52:42.297517	Behind practice.
1537	\N	Deposit	192.15	2024-09-03 03:52:42.297517	Need follow.
1538	\N	Transfer	1558.02	2024-09-03 03:52:42.297517	Could life test month.
1539	\N	Deposit	1917.67	2024-09-03 03:52:42.297517	Wife while early.
1540	\N	Deposit	184.62	2024-09-03 03:52:42.297517	Five evidence discuss.
1541	\N	Withdrawal	184.65	2024-09-03 03:52:42.297517	Future.
1542	\N	Deposit	1468.63	2024-09-03 03:52:42.297517	While still view station.
1543	\N	Transfer	512.24	2024-09-03 03:52:42.297517	During step.
1544	\N	Transfer	1285.14	2024-09-03 03:52:42.297517	With state.
1545	\N	Deposit	180.66	2024-09-03 03:52:42.297517	Charge.
1546	\N	Transfer	761.62	2024-09-03 03:52:42.297517	Season clear.
1547	\N	Deposit	569.77	2024-09-03 03:52:42.297517	View.
1548	\N	Deposit	470.58	2024-09-03 03:52:42.297517	People.
1549	\N	Transfer	114.22	2024-09-03 03:52:42.297517	Their.
1550	\N	Transfer	989.81	2024-09-03 03:52:42.297517	System audience include.
1551	\N	Deposit	1487.48	2024-09-03 03:52:42.297517	Our public answer.
1552	\N	Withdrawal	380.61	2024-09-03 03:52:42.297517	See general.
1553	\N	Withdrawal	292.57	2024-09-03 03:52:42.297517	Understand during.
1554	\N	Deposit	1143.84	2024-09-03 03:52:42.297517	Staff its door.
1555	\N	Deposit	1427.72	2024-09-03 03:52:42.297517	Support quickly current.
1556	\N	Deposit	1866.42	2024-09-03 03:52:42.297517	Simply claim.
1557	\N	Deposit	88.78	2024-09-03 03:52:42.297517	Apply store.
1558	\N	Withdrawal	1951.58	2024-09-03 03:52:42.297517	General another.
1559	\N	Deposit	885.49	2024-09-03 03:52:42.297517	Ability head.
1560	\N	Deposit	663.52	2024-09-03 03:52:42.297517	Total.
1561	\N	Deposit	1495.84	2024-09-03 03:52:42.297517	Real easy.
1562	\N	Transfer	1476.65	2024-09-03 03:52:42.297517	Team myself some risk.
1563	\N	Transfer	283.81	2024-09-03 03:52:42.297517	Speak position see.
1564	\N	Deposit	766.66	2024-09-03 03:52:42.297517	Class discuss.
1565	\N	Deposit	1475.93	2024-09-03 03:52:42.297517	At national.
1566	\N	Deposit	1843.32	2024-09-03 03:52:42.297517	Always.
1567	\N	Deposit	1010.51	2024-09-03 03:52:42.297517	Organization investment matter.
1568	\N	Transfer	1046.85	2024-09-03 03:52:42.297517	Stand final article.
1569	\N	Deposit	1174.02	2024-09-03 03:52:42.297517	Minute media.
1570	\N	Transfer	189.46	2024-09-03 03:52:42.297517	Determine action.
1571	\N	Deposit	989.88	2024-09-03 03:52:42.297517	Eat action team concern experience.
1572	\N	Deposit	169.55	2024-09-03 03:52:42.297517	Tree strong.
1573	\N	Deposit	1956.69	2024-09-03 03:52:42.297517	Create.
1574	\N	Deposit	52.41	2024-09-03 03:52:42.297517	Space east.
1575	\N	Deposit	1246.69	2024-09-03 03:52:42.297517	Add.
1576	\N	Transfer	1605.89	2024-09-03 03:52:42.297517	Play.
1577	\N	Transfer	564.40	2024-09-03 03:52:42.297517	Present information.
1578	\N	Transfer	1814.50	2024-09-03 03:52:42.297517	None save.
1579	\N	Transfer	752.93	2024-09-03 03:52:42.297517	Matter serve through.
1580	\N	Transfer	1176.62	2024-09-03 03:52:42.297517	Management involve direction.
1581	\N	Deposit	795.57	2024-09-03 03:52:42.297517	Focus change.
1582	\N	Transfer	257.90	2024-09-03 03:52:42.297517	Life process.
1583	\N	Transfer	1968.73	2024-09-03 03:52:42.297517	Health.
1584	\N	Transfer	1735.41	2024-09-03 03:52:42.297517	Charge paper four.
1585	\N	Deposit	1247.42	2024-09-03 03:52:42.297517	Visit service.
1586	\N	Transfer	384.95	2024-09-03 03:52:42.297517	Return hold budget.
1587	\N	Withdrawal	483.81	2024-09-03 03:52:42.297517	Out newspaper.
1588	\N	Deposit	1344.68	2024-09-03 03:52:42.297517	Ability whole society measure few.
1589	\N	Withdrawal	152.68	2024-09-03 03:52:42.297517	Space good.
1590	\N	Withdrawal	596.98	2024-09-03 03:52:42.297517	Rise year.
1591	\N	Deposit	393.80	2024-09-03 03:52:42.297517	Draw.
1592	\N	Deposit	1841.66	2024-09-03 03:52:42.297517	Family.
1593	\N	Deposit	872.83	2024-09-03 03:52:42.297517	View law.
1594	\N	Deposit	1931.72	2024-09-03 03:52:42.297517	Summer.
1595	\N	Deposit	1606.97	2024-09-03 03:52:42.297517	Everyone air.
1596	\N	Deposit	568.48	2024-09-03 03:52:42.297517	Although everything.
1597	\N	Deposit	1918.32	2024-09-03 03:52:42.297517	Vote state team research.
1598	\N	Transfer	1037.23	2024-09-03 03:52:42.297517	Man body.
1599	\N	Withdrawal	1108.70	2024-09-03 03:52:42.297517	Beyond finally.
1600	\N	Transfer	858.16	2024-09-03 03:52:42.297517	He change final challenge.
1601	\N	Transfer	1850.18	2024-09-03 03:52:42.297517	That environment.
1602	\N	Deposit	167.90	2024-09-03 03:52:42.297517	Professional ability team.
1603	\N	Transfer	834.53	2024-09-03 03:52:42.297517	Source report.
1604	\N	Transfer	1171.89	2024-09-03 03:52:42.297517	Summer cost.
1605	\N	Deposit	1062.40	2024-09-03 03:52:42.297517	Her.
1606	\N	Withdrawal	1590.10	2024-09-03 03:52:42.297517	Rich cost.
1607	\N	Transfer	1182.38	2024-09-03 03:52:42.297517	Idea follow month.
1608	\N	Deposit	804.91	2024-09-03 03:52:42.297517	Less whole.
1609	\N	Deposit	511.48	2024-09-03 03:52:42.297517	Same everything day.
1610	\N	Transfer	1754.78	2024-09-03 03:52:42.297517	Great daughter business.
1611	\N	Deposit	88.53	2024-09-03 03:52:42.297517	Management law.
1612	\N	Transfer	852.64	2024-09-03 03:52:42.297517	Case company get final.
1613	\N	Withdrawal	1152.81	2024-09-03 03:52:42.297517	He serve.
1614	\N	Deposit	1431.52	2024-09-03 03:52:42.297517	Week world.
1615	\N	Withdrawal	168.44	2024-09-03 03:52:42.297517	Event total.
1616	\N	Transfer	938.33	2024-09-03 03:52:42.297517	Rise appear lot outside.
1617	\N	Deposit	673.32	2024-09-03 03:52:42.297517	Region medical finish evening.
1618	\N	Transfer	1465.94	2024-09-03 03:52:42.297517	They ask check.
1619	\N	Deposit	911.62	2024-09-03 03:52:42.297517	Bill policy.
1620	\N	Transfer	1364.48	2024-09-03 03:52:42.297517	Others current.
1621	\N	Deposit	1138.63	2024-09-03 03:52:42.297517	Name opportunity.
1622	\N	Transfer	709.21	2024-09-03 03:52:42.297517	Out early.
1623	\N	Transfer	115.73	2024-09-03 03:52:42.297517	But near figure.
1624	\N	Deposit	1067.89	2024-09-03 03:52:42.297517	Energy charge.
1625	\N	Transfer	1548.48	2024-09-03 03:52:42.297517	Include detail city.
1626	\N	Withdrawal	135.59	2024-09-03 03:52:42.297517	Month.
1627	\N	Deposit	1218.46	2024-09-03 03:52:42.297517	Others security product increase.
1628	\N	Deposit	1748.23	2024-09-03 03:52:42.297517	Leave allow.
1629	\N	Transfer	568.43	2024-09-03 03:52:42.297517	Tax themselves common.
1630	\N	Withdrawal	104.29	2024-09-03 03:52:42.297517	Seek.
1631	\N	Deposit	853.16	2024-09-03 03:52:42.297517	Return personal public.
1632	\N	Transfer	645.30	2024-09-03 03:52:42.297517	Food form.
1633	\N	Deposit	740.63	2024-09-03 03:52:42.297517	Week hand subject step.
1634	\N	Transfer	738.57	2024-09-03 03:52:42.297517	Place factor through join decision.
1635	\N	Deposit	1214.60	2024-09-03 03:52:42.297517	Travel month.
1636	\N	Deposit	114.98	2024-09-03 03:52:42.297517	Season between.
1637	\N	Transfer	645.65	2024-09-03 03:52:42.297517	Policy security.
1638	\N	Transfer	548.84	2024-09-03 03:52:42.297517	Figure process.
1639	\N	Deposit	274.76	2024-09-03 03:52:42.297517	Decide history detail news.
1640	\N	Transfer	1718.65	2024-09-03 03:52:42.297517	Number management health.
1641	\N	Deposit	695.58	2024-09-03 03:52:42.297517	Meet again.
1642	\N	Transfer	1857.10	2024-09-03 03:52:42.297517	Stage medical matter first.
1643	\N	Transfer	1076.80	2024-09-03 03:52:42.297517	Traditional.
1644	\N	Transfer	102.53	2024-09-03 03:52:42.297517	Walk.
1645	\N	Deposit	367.68	2024-09-03 03:52:42.297517	Vote.
1646	\N	Withdrawal	1144.56	2024-09-03 03:52:42.297517	Throughout see.
1647	\N	Transfer	856.48	2024-09-03 03:52:42.297517	Big manager record another.
1648	\N	Transfer	130.80	2024-09-03 03:52:42.297517	Science again medical.
1649	\N	Deposit	469.56	2024-09-03 03:52:42.297517	Hold talk.
1650	\N	Deposit	1291.32	2024-09-03 03:52:42.297517	Cut term important worry ahead.
1651	\N	Withdrawal	792.12	2024-09-03 03:52:42.297517	Light.
1652	\N	Transfer	1375.77	2024-09-03 03:52:42.297517	Whole town.
1653	\N	Deposit	1100.68	2024-09-03 03:52:42.297517	Left security talk.
1654	\N	Transfer	832.57	2024-09-03 03:52:42.297517	Need guess.
1655	\N	Deposit	1924.54	2024-09-03 03:52:42.297517	Talk rule.
1656	\N	Deposit	551.94	2024-09-03 03:52:42.297517	Various above us.
1657	\N	Deposit	723.55	2024-09-03 03:52:42.297517	Range between production.
1658	\N	Deposit	1154.35	2024-09-03 03:52:42.297517	Research country.
1659	\N	Transfer	355.29	2024-09-03 03:52:42.297517	Paper.
1660	\N	Transfer	1928.47	2024-09-03 03:52:42.297517	Suffer key talk.
1661	\N	Withdrawal	1511.77	2024-09-03 03:52:42.297517	Left security.
1662	\N	Transfer	697.53	2024-09-03 03:52:42.297517	Management.
1663	\N	Deposit	1032.89	2024-09-03 03:52:42.297517	Home movement.
1664	\N	Transfer	936.56	2024-09-03 03:52:42.297517	Real small.
1665	\N	Deposit	180.46	2024-09-03 03:52:42.297517	Should.
1666	\N	Withdrawal	347.15	2024-09-03 03:52:42.297517	Might.
1667	\N	Deposit	62.63	2024-09-03 03:52:42.297517	Consumer.
1668	\N	Transfer	1264.70	2024-09-03 03:52:42.297517	She.
1669	\N	Deposit	1901.53	2024-09-03 03:52:42.297517	Personal.
1670	\N	Transfer	271.76	2024-09-03 03:52:42.297517	Economic occur or.
1671	\N	Deposit	1585.31	2024-09-03 03:52:42.297517	Example again.
1672	\N	Transfer	314.38	2024-09-03 03:52:42.297517	Outside article.
1673	\N	Transfer	1290.23	2024-09-03 03:52:42.297517	Save young.
1674	\N	Transfer	1606.50	2024-09-03 03:52:42.297517	Part.
1675	\N	Deposit	1807.82	2024-09-03 03:52:42.297517	Consumer.
1676	\N	Deposit	1945.00	2024-09-03 03:52:42.297517	Early question home.
1677	\N	Deposit	1292.92	2024-09-03 03:52:42.297517	Assume.
1678	\N	Deposit	528.94	2024-09-03 03:52:42.297517	School management.
1679	\N	Transfer	327.85	2024-09-03 03:52:42.297517	Economy.
1680	\N	Deposit	1487.24	2024-09-03 03:52:42.297517	Wide training.
1681	\N	Transfer	813.54	2024-09-03 03:52:42.297517	Since add.
1682	\N	Transfer	859.27	2024-09-03 03:52:42.297517	Show team.
1683	\N	Transfer	1164.02	2024-09-03 03:52:42.297517	Class north.
1684	\N	Deposit	415.33	2024-09-03 03:52:42.297517	Stay.
1685	\N	Deposit	557.55	2024-09-03 03:52:42.297517	Give remain.
1686	\N	Deposit	53.66	2024-09-03 03:52:42.297517	Something.
1687	\N	Transfer	1022.54	2024-09-03 03:52:42.297517	Sure time career.
1688	\N	Withdrawal	83.50	2024-09-03 03:52:42.297517	Human.
1689	\N	Deposit	364.88	2024-09-03 03:52:42.297517	Large option.
1690	\N	Deposit	1241.12	2024-09-03 03:52:42.297517	Head side remain season.
1691	\N	Withdrawal	87.68	2024-09-03 03:52:42.297517	Challenge surface under.
1692	\N	Transfer	975.83	2024-09-03 03:52:42.297517	Head opportunity.
1693	\N	Transfer	163.70	2024-09-03 03:52:42.297517	Miss model.
1694	\N	Deposit	946.69	2024-09-03 03:52:42.297517	Article.
1695	\N	Transfer	142.96	2024-09-03 03:52:42.297517	Show.
1696	\N	Withdrawal	32.67	2024-09-03 03:52:42.297517	Operation class order.
1697	\N	\n\nDeposit	1454.74	2024-09-03 03:52:42.297517	Travel.
1698	\N	Deposit	1552.62	2024-09-03 03:52:42.297517	Form language.
1699	\N	Withdrawal	1740.81	2024-09-03 03:52:42.297517	Next most.
1700	\N	Transfer	1103.61	2024-09-03 03:52:42.297517	Important cover city.
1701	\N	Deposit	679.48	2024-09-03 03:52:42.297517	System development.
1702	\N	Transfer	932.58	2024-09-03 03:52:42.297517	Class risk.
1703	\N	Deposit	1190.94	2024-09-03 03:52:42.297517	Study.
1704	\N	Deposit	1272.69	2024-09-03 03:52:42.297517	Walk.
1705	\N	Deposit	91.47	2024-09-03 03:52:42.297517	Among site.
1706	\N	Deposit	887.76	2024-09-03 03:52:42.297517	Between produce.
1707	\N	Deposit	1751.56	2024-09-03 03:52:42.297517	Decide remain.
1708	\N	Deposit	1463.43	2024-09-03 03:52:42.297517	Friend.
1709	\N	Deposit	731.81	2024-09-03 03:52:42.297517	Fight week.
1710	\N	Transfer	920.27	2024-09-03 03:52:42.297517	Reason.
1711	\N	Transfer	1034.42	2024-09-03 03:52:42.297517	Finally.
1712	\N	Transfer	1974.40	2024-09-03 03:52:42.297517	Government.
1713	\N	Deposit	1340.24	2024-09-03 03:52:42.297517	Say year.
1714	\N	Deposit	1557.46	2024-09-03 03:52:42.297517	Consumer.
1715	\N	Transfer	143.91	2024-09-03 03:52:42.297517	Among focus general result goal.
1716	\N	Deposit	1096.76	2024-09-03 03:52:42.297517	Small range home.
1717	\N	Transfer	1892.67	2024-09-03 03:52:42.297517	Knowledge stay.
1718	\N	Deposit	1910.74	2024-09-03 03:52:42.297517	Article.
1719	\N	Transfer	744.53	2024-09-03 03:52:42.297517	Focus approach.
1720	\N	Deposit	1887.19	2024-09-03 03:52:42.297517	Condition.
1721	\N	Deposit	1488.42	2024-09-03 03:52:42.297517	Reduce commercial management.
1722	\N	Deposit	682.90	2024-09-03 03:52:42.297517	Meeting news.
1723	\N	Transfer	550.36	2024-09-03 03:52:42.297517	Total write.
1724	\N	Transfer	623.45	2024-09-03 03:52:42.297517	Pressure improve.
1725	\N	Deposit	659.00	2024-09-03 03:52:42.297517	General.
1726	\N	Transfer	596.98	2024-09-03 03:52:42.297517	Practice office.
1727	\N	Deposit	725.15	2024-09-03 03:52:42.297517	Different important person.
1728	\N	Deposit	716.18	2024-09-03 03:52:42.297517	Necessary.
1729	\N	Transfer	134.96	2024-09-03 03:52:42.297517	Move large.
1730	\N	Deposit	371.02	2024-09-03 03:52:42.297517	Policy itself.
1731	\N	Deposit	1373.78	2024-09-03 03:52:42.297517	Most security.
1732	\N	Deposit	1681.29	2024-09-03 03:52:42.297517	Professional.
1733	\N	Transfer	794.72	2024-09-03 03:52:42.297517	Policy home.
1734	\N	Transfer	349.52	2024-09-03 03:52:42.297517	Job remain.
1735	\N	Deposit	1292.82	2024-09-03 03:52:42.297517	City us current goal.
1736	\N	Transfer	926.84	2024-09-03 03:52:42.297517	Expect.
1737	\N	Transfer	128.63	2024-09-03 03:52:42.297517	Year study future.
1738	\N	Deposit	1835.16	2024-09-03 03:52:42.297517	Speak recent.
1739	\N	Transfer	943.67	2024-09-03 03:52:42.297517	Service security.
1740	\N	Transfer	938.35	2024-09-03 03:52:42.297517	Focus development market.
1741	\N	Deposit	849.41	2024-09-03 03:52:42.297517	Half national.
1742	\N	Deposit	1571.26	2024-09-03 03:52:42.297517	Before early national.
1743	\N	Deposit	780.88	2024-09-03 03:52:42.297517	System.
1744	\N	Deposit	1230.55	2024-09-03 03:52:42.297517	Current.
1745	\N	Transfer	275.76	2024-09-03 03:52:42.297517	Today approach decision.
1746	\N	Transfer	1491.43	2024-09-03 03:52:42.297517	Serve concern.
1747	\N	Deposit	178.10	2024-09-03 03:52:42.297517	None public.
1748	\N	Deposit	178.77	2024-09-03 03:52:42.297517	Voice remain understand.
1749	\N	Deposit	1293.81	2024-09-03 03:52:42.297517	Education state.
1750	\N	Deposit	175.89	2024-09-03 03:52:42.297517	Medical create.
1751	\N	Transfer	1570.48	2024-09-03 03:52:42.297517	Somebody prepare.
1752	\N	Deposit	853.56	2024-09-03 03:52:42.297517	Their important.
1753	\N	Deposit	775.21	2024-09-03 03:52:42.297517	During.
1754	\N	Deposit	1627.24	2024-09-03 03:52:42.297517	Top service society.
1755	\N	Deposit	135.79	2024-09-03 03:52:42.297517	Plan key.
1756	\N	Deposit	685.87	2024-09-03 03:52:42.297517	Department appear.
1757	\N	Deposit	695.63	2024-09-03 03:52:42.297517	International final top.
1758	\N	Deposit	877.60	2024-09-03 03:52:42.297517	Public.
1759	\N	Deposit	418.68	2024-09-03 03:52:42.297517	Resource family.
1760	\N	Deposit	104.42	2024-09-03 03:52:42.297517	Rate move own.
1761	\N	Deposit	1968.54	2024-09-03 03:52:42.297517	Figure.
1762	\N	Transfer	177.56	2024-09-03 03:52:42.297517	Land.
1763	\N	Deposit	1549.73	2024-09-03 03:52:42.297517	Think next.
1764	\N	Deposit	317.41	2024-09-03 03:52:42.297517	Focus result.
1765	\N	Deposit	1501.46	2024-09-03 03:52:42.297517	Market.
1766	\N	Deposit	1121.24	2024-09-03 03:52:42.297517	Light area.
1767	\N	Deposit	1914.60	2024-09-03 03:52:42.297517	Call time.
1768	\N	Deposit	1199.84	2024-09-03 03:52:42.297517	Career.
1769	\N	Deposit	1010.23	2024-09-03 03:52:42.297517	Hospital.
1770	\N	Deposit	1846.87	2024-09-03 03:52:42.297517	Our modern article provide.
1771	\N	Deposit	1265.96	2024-09-03 03:52:42.297517	Some success.
1772	\N	Deposit	1559.71	2024-09-03 03:52:42.297517	Final.
1773	\N	Deposit	505.84	2024-09-03 03:52:42.297517	School.
1774	\N	Deposit	1001.28	2024-09-03 03:52:42.297517	Focus beyond.
1775	\N	Deposit	116.20	2024-09-03 03:52:42.297517	Five form.
1776	\N	Deposit	1565.42	2024-09-03 03:52:42.297517	Result.
1777	\N	Deposit	1953.62	2024-09-03 03:52:42.297517	Direction.
1778	\N	Deposit	1782.55	2024-09-03 03:52:42.297517	Sure public.
1779	\N	Deposit	1562.46	2024-09-03 03:52:42.297517	Support.
1780	\N	Deposit	678.59	2024-09-03 03:52:42.297517	Physical.
1781	\N	Deposit	1499.48	2024-09-03 03:52:42.297517	Power.
1782	\N	Deposit	469.83	2024-09-03 03:52:42.297517	Final research.
1783	\N	Deposit	1331.79	2024-09-03 03:52:42.297517	Including.
1784	\N	Deposit	1670.68	2024-09-03 03:52:42.297517	Help manage.
1785	\N	Deposit	853.46	2024-09-03 03:52:42.297517	Avoid year.
1786	\N	Deposit	1285.73	2024-09-03 03:52:42.297517	Oil.
1787	\N	Deposit	1397.72	2024-09-03 03:52:42.297517	Although manager.
1788	\N	Deposit	1092.96	2024-09-03 03:52:42.297517	His manage.
1789	\N	Deposit	1814.19	2024-09-03 03:52:42.297517	Such.
1790	\N	Deposit	1286.69	2024-09-03 03:52:42.297517	Development.
1791	\N	Deposit	1954.23	2024-09-03 03:52:42.297517	Country option consumer.
1792	\N	Deposit	1611.46	2024-09-03 03:52:42.297517	Moment.
1793	\N	Deposit	1083.82	2024-09-03 03:52:42.297517	Final read.
1794	\N	Deposit	273.84	2024-09-03 03:52:42.297517	House within project development.
1795	\N	Deposit	1785.16	2024-09-03 03:52:42.297517	National current view.
1796	\N	Deposit	1255.56	2024-09-03 03:52:42.297517	May.
1797	\N	Deposit	1757.28	2024-09-03 03:52:42.297517	General result improve growth.
1798	\N	Deposit	1686.67	2024-09-03 03:52:42.297517	Success strategy organization.
1799	\N	Deposit	891.23	2024-09-03 03:52:42.297517	Back significant resource.
1800	\N	Deposit	1036.48	2024-09-03 03:52:42.297517	Goal.
1801	\N	Deposit	634.02	2024-09-03 03:52:42.297517	Much about.
1802	\N	Deposit	659.14	2024-09-03 03:52:42.297517	Focus.
1803	\N	Deposit	768.66	2024-09-03 03:52:42.297517	Our.
1804	\N	Deposit	1322.03	2024-09-03 03:52:42.297517	Security.
1805	\N	Deposit	1716.56	2024-09-03 03:52:42.297517	Go.
1806	\N	Deposit	960.66	2024-09-03 03:52:42.297517	End.
1807	\N	Deposit	1026.76	2024-09-03 03:52:42.297517	City specific.
1808	\N	Deposit	780.24	2024-09-03 03:52:42.297517	Three.
1809	\N	Deposit	1559.76	2024-09-03 03:52:42.297517	Return.
1810	\N	Deposit	173.95	2024-09-03 03:52:42.297517	With direction.
1811	\N	Deposit	546.72	2024-09-03 03:52:42.297517	Focus society.
1812	\N	Deposit	1694.62	2024-09-03 03:52:42.297517	Factor.
1813	\N	Deposit	1674.67	2024-09-03 03:52:42.297517	Less.
1814	\N	Deposit	1402.48	2024-09-03 03:52:42.297517	Voice.
1815	\N	Deposit	1937.76	2024-09-03 03:52:42.297517	Community.
1816	\N	Deposit	511.73	2024-09-03 03:52:42.297517	Positive.
1817	\N	Deposit	668.27	2024-09-03 03:52:42.297517	Final result.
1818	\N	Deposit	1338.23	2024-09-03 03:52:42.297517	Walk.
1819	\N	Deposit	116.07	2024-09-03 03:52:42.297517	Specific provide personal.
1820	\N	Deposit	178.74	2024-09-03 03:52:42.297517	Decision leader.
1821	\N	Deposit	1375.37	2024-09-03 03:52:42.297517	Item important.
1822	\N	Deposit	1364.34	2024-09-03 03:52:42.297517	International office.
1823	\N	Deposit	990.10	2024-09-03 03:52:42.297517	Performance.
1824	\N	Deposit	1570.28	2024-09-03 03:52:42.297517	Strategy develop general.
1825	\N	Deposit	962.16	2024-09-03 03:52:42.297517	Field significant.
1826	\N	Deposit	1652.73	2024-09-03 03:52:42.297517	One.
1827	\N	Deposit	746.99	2024-09-03 03:52:42.297517	Project each media.
1828	\N	Deposit	1770.91	2024-09-03 03:52:42.297517	New information.
1829	\N	Deposit	1334.58	2024-09-03 03:52:42.297517	Impact.
1830	\N	Deposit	1104.51	2024-09-03 03:52:42.297517	Report environmental.
1831	\N	Deposit	1958.58	2024-09-03 03:52:42.297517	Stay.
1832	\N	Deposit	1123.28	2024-09-03 03:52:42.297517	Identify public.
1833	\N	Deposit	1796.29	2024-09-03 03:52:42.297517	Some reason.
1834	\N	Deposit	303.83	2024-09-03 03:52:42.297517	Subject loss.
1835	\N	Deposit	969.54	2024-09-03 03:52:42.297517	Help.
1836	\N	Deposit	1295.53	2024-09-03 03:52:42.297517	Society public.
1837	\N	Deposit	1673.42	2024-09-03 03:52:42.297517	Learn.
1838	\N	Deposit	732.67	2024-09-03 03:52:42.297517	Pressure.
1839	\N	Deposit	1045.80	2024-09-03 03:52:42.297517	Control.
1840	\N	Deposit	138.72	2024-09-03 03:52:42.297517	Factor part.
1841	\N	Deposit	1430.50	2024-09-03 03:52:42.297517	Identify current key.
1842	\N	Deposit	821.79	2024-09-03 03:52:42.297517	Management.
1843	\N	Deposit	1343.96	2024-09-03 03:52:42.297517	None fact.
1844	\N	Deposit	1383.47	2024-09-03 03:52:42.297517	Read challenge task.
1845	\N	Deposit	1049.16	2024-09-03 03:52:42.297517	Study.
1846	\N	Deposit	1551.12	2024-09-03 03:52:42.297517	Traditional support.
1847	\N	Deposit	1494.54	2024-09-03 03:52:42.297517	Fact method success.
1848	\N	Deposit	1632.07	2024-09-03 03:52:42.297517	Who end result.
1849	\N	Deposit	1788.80	2024-09-03 03:52:42.297517	Provide own.
1850	\N	Deposit	858.44	2024-09-03 03:52:42.297517	Three.
1851	\N	Deposit	1178.56	2024-09-03 03:52:42.297517	Current.
1852	\N	Deposit	834.80	2024-09-03 03:52:42.297517	Significant result project resource.
1853	\N	Deposit	1421.16	2024-09-03 03:52:42.297517	Act.
1854	\N	Deposit	966.78	2024-09-03 03:52:42.297517	Define key general.
1855	\N	Deposit	1112.42	2024-09-03 03:52:42.297517	Specific student.
1856	\N	Deposit	1371.43	2024-09-03 03:52:42.297517	Manager study.
1857	\N	Deposit	728.68	2024-09-03 03:52:42.297517	Return.
1858	\N	Deposit	1397.04	2024-09-03 03:52:42.297517	Focus approach.
1859	\N	Deposit	1553.67	2024-09-03 03:52:42.297517	Grow.
1860	\N	Deposit	765.93	2024-09-03 03:52:42.297517	Demonstrate national.
1861	\N	Deposit	1558.82	2024-09-03 03:52:42.297517	Beyond problem.
1862	\N	Deposit	1770.80	2024-09-03 03:52:42.297517	Public.
1863	\N	Deposit	116.94	2024-09-03 03:52:42.297517	Such policy.
1864	\N	Deposit	1172.76	2024-09-03 03:52:42.297517	Return.
1865	\N	Deposit	311.21	2024-09-03 03:52:42.297517	Organize state.
1866	\N	Deposit	1435.36	2024-09-03 03:52:42.297517	Natural.
1867	\N	Deposit	1137.97	2024-09-03 03:52:42.297517	Return improve.
1868	\N	Deposit	1038.52	2024-09-03 03:52:42.297517	Some growth general.
1869	\N	Deposit	1601.89	2024-09-03 03:52:42.297517	Knowledge individual.
1870	\N	Deposit	1027.94	2024-09-03 03:52:42.297517	Important school development.
1871	\N	Deposit	1630.48	2024-09-03 03:52:42.297517	Model include key.
1872	\N	Deposit	868.37	2024-09-03 03:52:42.297517	Allow national.
1873	\N	Deposit	135.47	2024-09-03 03:52:42.297517	Method problem.
1874	\N	Deposit	883.16	2024-09-03 03:52:42.297517	Role factor.
1875	\N	Deposit	947.66	2024-09-03 03:52:42.297517	Risk business manage.
\.


--
-- Data for Name: userroleassignments; Type: TABLE DATA; Schema: public; Owner: -
--

COPY public.userroleassignments (assignmentid, userid, roleid) FROM stdin;
1	1	2
2	2	2
3	3	2
4	4	2
5	5	2
6	6	2
7	7	2
8	8	2
9	9	2
10	10	1
11	11	2
12	12	2
13	13	2
14	14	2
15	15	2
16	16	2
17	17	2
18	18	2
19	19	2
20	20	1
21	21	2
22	22	2
23	23	2
24	24	2
25	25	2
26	26	2
27	27	2
28	28	2
29	29	2
30	30	1
31	31	2
32	32	2
33	33	2
34	34	2
35	35	2
36	36	2
37	37	2
38	38	2
39	39	2
40	40	1
41	41	2
42	42	2
43	43	2
44	44	2
45	45	2
46	46	2
47	47	2
48	48	2
49	49	2
50	50	1
51	51	2
52	52	2
53	53	2
54	54	2
55	55	2
56	56	2
57	57	2
58	58	2
59	59	2
60	60	1
61	61	2
62	62	2
63	63	2
64	64	2
65	65	2
66	66	2
67	67	2
68	68	2
69	69	2
70	70	1
71	71	2
72	72	2
73	73	2
74	74	2
75	75	2
76	76	2
77	77	2
78	78	2
79	79	2
80	80	1
81	81	2
82	82	2
83	83	2
84	84	2
85	85	2
86	86	2
87	87	2
88	88	2
89	89	2
90	90	1
91	91	2
92	92	2
93	93	2
94	94	2
95	95	2
96	96	2
97	97	2
98	98	2
99	99	2
100	100	1
\.


--
-- Data for Name: userroles; Type: TABLE DATA; Schema: public; Owner: -
--

COPY public.userroles (roleid, rolename) FROM stdin;
1	Admin
2	User
3	Admin
4	User
\.


--
-- Data for Name: users; Type: TABLE DATA; Schema: public; Owner: -
--

COPY public.users (userid, fullname, email, phone, address, dateofbirth, passwordhash, createdat) FROM stdin;
1	Matthew Holmes	joel00@example.com	+1-528-762-9491x679	5639 Johnny Valleys, New Shawnmouth, OK 57483	1987-05-06	cbe1dc0831a5e97475da8310696b0fcf407f19b6a610e0361e2189b07e1718c6	2024-09-03 01:36:26.980591
2	Ashley Johnson	oblackwell@example.com	8169292900	8888 Brittany Centers, New Alexandra, MO 54463	1956-07-08	81fb344aad67ec61e12c3fcfb97e3ac104149cde0c335e6681b5e4d6b5ec9e4c	2024-09-03 01:36:26.980591
3	Gary Turner	bethanyjohnson@example.org	868-702-1991x562	88926 Jason Plaza Apt. 346, Jonesberg, PR 32509	1998-08-08	6c531ed8d4e2f50abe056a395bf424f619a99cdefde500df0bc524654fb60d69	2024-09-03 01:36:26.980591
4	Michael Mcbride	olopez@example.org	7493856930	55841 Cindy Ports Suite 659, Melaniebury, RI 60534	1970-11-05	ba632a12dae9c2bb2d166a22cb01b50353cf70fb44faa02901de36e69f6906e7	2024-09-03 01:36:26.980591
5	Bryan Martinez	richarddiaz@example.com	001-600-830-1315x7433	207 Kenneth Estate Suite 951, West Javierburgh, RI 65168	1999-01-05	c170ae626f6532ef5e406bc4da8997e4d28ca1c7308e5e28583752199ca4983b	2024-09-03 01:36:26.980591
6	Sarah Gutierrez	larry81@example.net	(462)641-6101x367	419 Brown Station Apt. 847, North Davidton, SD 11520	1995-10-06	4f592f6bbb9f2edf10c6716f32d6d04000e980b473604a68288c3c86a22cc509	2024-09-03 01:36:26.980591
7	Ann Oneal	bauerscott@example.com	439-649-1275	6498 Fletcher Way, New Alejandro, NC 25212	1997-09-12	a9430e0f01a5d5ccb8a0ad0da5f9e3abc7c4be92c9aa7cb8cc823bb982333dfb	2024-09-03 01:36:26.980591
8	Stephanie Roth	glopez@example.com	598.655.3047	Unit 1057 Box 2445, DPO AE 18273	1964-08-31	be700b6f4ca69df334701719c86de3ec4633ff7caffa59165ad588909d9793f3	2024-09-03 01:36:26.980591
9	Patricia Boyd	michaelrivera@example.org	+1-412-616-4997	963 Jones Manors Apt. 494, Port Felicia, NM 63005	2000-03-31	4c0da59b1496aab8bf48727fb33c87ad974ead42c4ba6d9a0a27c847734a803f	2024-09-03 01:36:26.980591
10	Dillon Ryan	vasquezjonathan@example.net	001-859-779-9333x7552	08787 Turner Spurs, West Terri, CT 62723	1959-04-10	165ef758e91de49fbc9ec4163f5f8c41e5855a6732e1fc5bc20ba6a8ebdd3ef6	2024-09-03 01:36:26.980591
11	Tamara Brandt	samantha35@example.com	001-816-459-3610x96283	134 Allen Lake Suite 868, East Stephenfort, MT 90888	1978-01-12	97cae929533d64f547d8f0e65f2d9fb8b41fcddbdb045d0123c1e5b4137fdf59	2024-09-03 01:36:26.980591
12	Daniel Owens	ravenmurphy@example.com	689-574-9863	80772 Gabriella Estate, East Daniel, OK 93069	1985-09-27	831cf500654019c350a6dc091fa9e2dd80de7715a879eb1c3433d5bb5965144f	2024-09-03 01:36:26.980591
13	Louis Meyer	vangstephanie@example.net	+1-929-654-3425x872	5549 Ashley Island, North Howardtown, OK 80039	1975-02-25	4bffdff55d6c0906ad5201792815beea33c2c934e3faa39f8e95227604764dea	2024-09-03 01:36:26.980591
14	Darren Bryan	andrew62@example.org	633.750.4912x0787	00048 John Ford, West Stephenmouth, MH 84165	1971-04-16	4ae6eddf73b4ad5eb1081012e11e155302b8b87a7523fda91d5ef097aec29a89	2024-09-03 01:36:26.980591
15	Shelley Cisneros	briana33@example.org	(659)930-6275	09311 Schwartz Spur, West Olivia, IN 77086	1976-09-10	78afe54fcb1277682bc69cdbeb7c2da94f5ec5fba006036b138c8d351c04528b	2024-09-03 01:36:26.980591
16	Sheila Ballard	freese@example.com	(806)497-2951	11886 Bryan Pines, Jeremyfort, TX 10054	1991-08-03	f1429e018e2d4f44ee9fdb0ad93ef9d7346e169aad0b0529aaab2ded634ae414	2024-09-03 01:36:26.980591
17	Dr. Scott Lopez	christopher41@example.com	965-428-0293x4971	6101 Watson Rue Suite 532, South Scottville, MP 27499	1960-03-26	3693fea325f8170d17159ffe73848c6a3618eca448bb84c128fd5ea4150803b1	2024-09-03 01:36:26.980591
18	Lori Mcgee	timothy32@example.org	+1-695-987-4644	728 Olson Corner Apt. 718, Bellland, WI 35824	1973-09-09	68203943acffe4f61e016f0a6c9fa27d5b4634e6b20c4d54daf637d0ac4a139d	2024-09-03 01:36:26.980591
19	Joan Stephens	cody35@example.com	2364733892	41235 Sloan Vista Suite 033, West Michael, WY 67612	1969-01-01	c9147dd21c8d60423ae29c27534e2c28c1f5a3890d0c8f25fc96e1895c81a5a9	2024-09-03 01:36:26.980591
20	Pamela Hamilton	penningtonmelissa@example.org	(598)448-2128	751 Aguilar Islands, Amandastad, MP 63362	1989-08-06	176cee4f3097b9dbaf0a69cae55ca2cb22973515ae3828ab5e4c92c176ff13aa	2024-09-03 01:36:26.980591
21	Jennifer Graham	ghoward@example.net	509-358-8852x85068	8784 Chase Expressway, Nelsonfort, HI 48051	1969-06-15	2c0f78609527bfaf4e54413b49b20e01e3812a6c8c75980e7ac25645f238318b	2024-09-03 01:36:26.980591
22	Stacey Holmes	christineharris@example.org	543.298.1169x40321	81395 Salas Courts Apt. 668, Payneberg, OK 75027	1993-06-03	f78da851ec8276e0f84f72a15ca318193d9c87893df68eb5554e2a86d0792a7b	2024-09-03 01:36:26.980591
23	Jaclyn Carlson	ofields@example.org	974.260.2539x86212	871 Wilkerson Parks, Wardmouth, HI 71568	1966-02-21	67a5d756a9fc73efce4419455628d9fddae29e887f5256fe7e65b32b92e74096	2024-09-03 01:36:26.980591
24	Nichole Washington	juanthompson@example.net	669-829-3243x705	Unit 8611 Box 7009, DPO AP 06410	1978-12-03	e712fbfd5beb7565e3e12aff9799b0775abd96480d49b98239afccd808063ac0	2024-09-03 01:36:26.980591
25	Duane Mitchell	katherineray@example.com	+1-357-672-4264x47614	Unit 8220 Box 0820, DPO AA 37945	1979-11-16	f31939700aeb1f2bd2aa1b8899e7849e53f51dd34f9db15e1a507f636208ec22	2024-09-03 01:36:26.980591
26	Christopher Lane	patriciathompson@example.org	+1-692-653-8943x2255	578 Casey Garden, North Sean, NE 82864	1973-12-11	92a94642ce296cba3527997ce2df801a0c17ea5cd4e6ad1f6d7b3aaf65b4fdcf	2024-09-03 01:36:26.980591
27	Mrs. Pamela Lee	michael62@example.net	(526)274-9719x78313	3882 Conley Throughway, Jonathanfort, MD 44751	1967-03-08	f70c75d1206925b0e332e8d0b4fd50aecb1005b339bddda95b2883f3d342b3ae	2024-09-03 01:36:26.980591
28	Elijah Herrera	hawkinsmelissa@example.net	(495)672-8448	876 Morales Curve, Waltersview, UT 25384	2001-11-25	2e3c8e642e3a96ffbeded067b9d71d63e3447381f1c8e835e018bab2ed2f2b67	2024-09-03 01:36:26.980591
29	Andrea Campos	christophersteele@example.org	001-535-671-9712x516	213 Kevin Prairie Suite 915, Kaylafort, OR 32532	1978-02-04	a126b46499a305d0a6becbc75e06784ac34d274adae08276807eae559e1d8919	2024-09-03 01:36:26.980591
30	Shannon Rowland	rollinsandrea@example.net	+1-569-250-5793	86668 Jason Pike Suite 320, Mariefurt, AK 45032	1957-04-30	65ebe1958b7d693a28f64dca426cec64bf5ac8e75ec8a44d4d93021c63c2e015	2024-09-03 01:36:26.980591
31	Emily Macdonald	jonesrebecca@example.org	867.498.5923	94758 Russell Branch Suite 071, Lake Paula, OK 96351	1980-05-14	bf2f9f63b08f3934202e7398aeeff008edb3104abeb5653c100220724b83d919	2024-09-03 01:36:26.980591
32	Emily Jones	stephencox@example.org	5518306073	5860 Margaret Harbors Apt. 897, Jonesshire, MO 47382	1991-01-31	77a92b328f2abeb577101f39027a735b9772baac0a0701fe39aaaf137555f663	2024-09-03 01:36:26.980591
33	Gary Wilson	meyergerald@example.net	2349327025	94904 Ray Centers Apt. 204, Bridgetmouth, FM 06250	1960-10-08	17373547b8aa16385648875978021d541e5fe76c3329492e3e2588cf44ec4883	2024-09-03 01:36:26.980591
34	Manuel Hill	shawmario@example.org	804-568-4448x1327	21040 Tabitha Cliff Apt. 677, Lake Cody, KY 23241	1971-10-18	83a98116513c8859bf503b56bfcb702efc2e13fb8f14b8bfc96677ac986792e7	2024-09-03 01:36:26.980591
35	Kristy Sanchez	cbaker@example.com	001-967-358-7337	618 Amy Drive, Lindseyville, WY 61966	1953-10-27	cd3d31c9a86df39960f7602742d72826b5d749cd658f076dd9f1f311c0abe191	2024-09-03 01:36:26.980591
36	Richard Cook	theresa85@example.org	+1-396-491-5287x43063	865 Mariah Parkway Suite 404, Joelfort, MA 60859	1967-09-20	22cae779a0056de829412634dbac8857a591fffb1a3ed3e15f574aa50c5d9b97	2024-09-03 01:36:26.980591
37	Paul Kidd	dwells@example.net	(245)270-2933x47197	31096 Molly Locks, Charleston, ND 90255	1983-04-15	31c5307bcf6006c47da4470586f7b6f47f8982aed28e8f66bd8d45a23496f84f	2024-09-03 01:36:26.980591
38	Randy Silva	fwilson@example.org	001-631-531-4510x100	23009 Davis Spurs, Melendezmouth, PR 54598	2003-02-10	f2235f341b1ae97b5d225c615f3c7b9575004192dcc4c75744a22fcd241ac7c4	2024-09-03 01:36:26.980591
39	Melissa Roberts	debra36@example.com	570-887-4741	291 Carl Circle Apt. 629, North Joseport, VI 96200	1964-03-01	b22d4206399ba2c61d639d8cdb95ee7e2b6b47cac0647858a8d7e1e20dd8cd89	2024-09-03 01:36:26.980591
40	Vincent Lewis	jennifer78@example.org	234-212-5440	334 Guzman Walks Suite 988, Port Ashley, MP 14410	1953-08-18	569266885e25a91e44d4c10ce2ea824d15637f9a0454b3ac70d7138791980223	2024-09-03 01:36:26.980591
41	Sydney Palmer	theresaalexander@example.net	839.651.3292x70379	5496 Ashley Rest, Lake Alisonchester, TX 90138	1999-01-03	6140ebe24332b6c640f2950557fce4ccc1e6534c11a965b33f9412786d2e099b	2024-09-03 01:36:26.980591
42	Guy Lindsey	kingholly@example.org	001-329-454-3343x701	32834 Jason Locks Apt. 969, Carrollport, PA 12899	1948-10-29	a690bb34ecaf42b8e9062b8f89b4415f5a38e57a5574432fa4d0f7115d0d237c	2024-09-03 01:36:26.980591
43	Keith Calderon	zbrown@example.org	996-374-9640	0347 Douglas Cliff Apt. 944, Lake Jillian, UT 13744	1991-04-06	8146f1451013a2f258a039a69ee946b450528fe4e5fac8fde103c0f5c1a7ab33	2024-09-03 01:36:26.980591
44	James Thompson	katrina57@example.org	(977)282-7222	6406 Mark Bypass Suite 256, Mullenport, KS 83450	1968-08-03	26c519d7eb1636154640f07a37405e99d7ae5d4c55d4d16b18f6be4110ab89a5	2024-09-03 01:36:26.980591
45	David Burns	thernandez@example.com	(280)753-6646x298	97585 James Garden, Lake Kevin, FM 95304	1973-10-15	861d389cddd3a1b2ee8960e09aa42d154ef27fc93baef8e02ae53213f40a570d	2024-09-03 01:36:26.980591
46	Linda Pierce	toddjason@example.net	(428)508-7852x478	824 Michael Knoll Apt. 481, Rodneystad, VA 10578	1972-04-14	7b5e493e1b0ed2b17a9a55f9c836f60cb3cf86e5eff1baa2ad50742d65127bb6	2024-09-03 01:36:26.980591
47	Miguel Werner	udavis@example.org	2626529813	40459 Bailey Drive, Lake Danielmouth, ID 54197	1952-05-09	bf8aacd87d54062edeeafe0282cc85b2fecd4301ad9f9a309b8cb26c6f577989	2024-09-03 01:36:26.980591
48	Paula Barnett	campbellmichael@example.net	001-318-369-1549x25055	982 Vazquez Fork, Pennyport, FL 04647	1952-09-28	4c066ab8f2bea6128e1496537f0efa4220f3a1bb33a263c9f19ddc31565ff2bc	2024-09-03 01:36:26.980591
49	Brian Whitney	jeffrey66@example.net	835.743.1227	275 Rivera Island Suite 146, Curtishaven, MS 07167	1960-02-25	97c83c10696a7089d1d560ee2a5933d59a3922dfed3edbbe9692b0784ca3c99f	2024-09-03 01:36:26.980591
50	Dominique Brock	garciasteven@example.org	001-527-545-2936	00071 Howard Route Suite 387, Davidbury, NE 85991	1990-04-11	fb06106710dd752e496d86dec65407d3a220f610901a7848323d28893ad7ee86	2024-09-03 01:36:26.980591
51	Michael Williams DDS	ccarter@example.org	+1-392-717-8174x348	161 Christina Forges Apt. 658, New Rebekah, ID 66806	1973-06-20	a6abed479707e29ec36996b1034affdaf6678956097af1f977d6a82560e7f5d7	2024-09-03 01:36:26.980591
52	Cheryl Weaver	leteresa@example.org	499-505-5038	779 Gina Place, East David, ME 45555	1996-10-19	dadbdb30bb11668e953b016a7fa154de57dc52b06eb38527f686ebc24671d693	2024-09-03 01:36:26.980591
53	Cristian Martin	velezalexis@example.net	637-446-5199	Unit 5464 Box 6908, DPO AE 42575	1987-12-11	9f54880df6de0436711dc365db67facdd37070b9777096bcc36ddd3439d8eb94	2024-09-03 01:36:26.980591
54	Jacqueline Roman	ashley86@example.org	2446883472	040 Heather Shore, Johnstonshire, GA 39253	1991-12-29	58608d33035958ce5d9791689fab5d90247916c2d998ec1184dcb9d436490b15	2024-09-03 01:36:26.980591
55	William Baird	adam37@example.com	001-319-396-3314x0340	Unit 0170 Box 5221, DPO AA 29662	1995-08-14	abe26b883fa164f219f3c07f2d9311d20de3e4bb9af340c85f19372af34da844	2024-09-03 01:36:26.980591
56	Michael Ross	christopher65@example.net	001-448-815-7664	742 Alicia Walk, Selenaville, MT 46621	1964-03-17	ccf094c591979f626dc659eaec3ee784d83043c78a8bdf554147e73e7df12485	2024-09-03 01:36:26.980591
57	Robin Webster	ronald77@example.net	(624)231-2967	631 Jordan Key Suite 398, Jonesburgh, AR 85177	1960-06-28	23e2877673de49a71594d34791b94d62bdcc54480dcf4e510472961466ec5940	2024-09-03 01:36:26.980591
58	Joanna Murphy	barbara71@example.com	502.301.7789x030	294 Mitchell Land, West Scott, ID 12068	1978-10-20	dbc344f3c03b2a41ea77a2a3e2266e3d7498788775dd8d2247480277989e3d1e	2024-09-03 01:36:26.980591
59	Edward Shaw	sbradley@example.com	814-911-5837x3390	86764 Smith Creek, Lake Denisehaven, MN 40543	1964-10-27	617963708b11bf3ab78b2fef6eb4ab4ef9d708691ce990e8dd337c0d6683aa68	2024-09-03 01:36:26.980591
60	Andrea Boyd	david43@example.net	272.495.4768	174 Troy Plaza, Port Amy, CO 44100	1972-01-12	1fcdcdbd1cc6cb0a0fb5c8a7d181dd7c49db8e84ce1a7c9389fe847509a502ca	2024-09-03 01:36:26.980591
61	Debra Johnson	jacksonmichael@example.net	+1-394-650-1002x1740	08519 Thomas Walk Apt. 247, Smithland, SC 78774	1985-03-04	c9c5f69785fd0e07ffff12034d5389646bbe47932584725bef6d5bc70a736d67	2024-09-03 01:36:26.980591
62	Monica Barton	scarter@example.com	001-265-631-9800x9879	4637 Jeanne Village, West Andrew, MS 01392	1952-10-22	443f147f6ee5c3318adf921bbafc8891b68857b7777de218d0b7e1d667712e4e	2024-09-03 01:36:26.980591
63	Laura Cooper	romerolaura@example.com	001-988-802-7863x0757	PSC 0739, Box 1153, APO AE 84643	1973-12-04	1daf9eb1c34c2443b64c00d088a48e4463933777e5be2edbd870f4f0579d258f	2024-09-03 01:36:26.980591
64	Brittney Adams	andersonshelia@example.net	247.604.5308x27512	31148 Diana Island, Brianchester, DC 32027	1974-11-12	5c8a2bf4bf24a507cdde6b18e7ff783bbf5c018dc725c66fabc43cf579c555c7	2024-09-03 01:36:26.980591
65	Richard Thompson	morganeric@example.net	+1-439-900-6733	625 Stanley Orchard, Port Madison, IN 18888	1990-12-03	a8ab7bd190e305b996410d1959c05485127997414aa5e08d6434f15a31120c12	2024-09-03 01:36:26.980591
66	Norman Watkins	derekrodriguez@example.com	+1-562-508-7807x24662	PSC 1436, Box 9508, APO AE 59512	1966-03-31	a2bd105e765a016f2239219c852f240dd5f41f42fe7b87b7b14c4682a628a0fa	2024-09-03 01:36:26.980591
67	Steven Hall	taylorchristopher@example.org	+1-350-406-8186x468	91130 Watson Spurs, Tracyville, GA 72578	2004-08-23	a15b38203916c37d15dea39b454910f57f241465bb7255e498102c6eab1d9e5b	2024-09-03 01:36:26.980591
68	Brooke Brown	jennifer32@example.org	8424382867	977 Shepherd Trace Suite 641, Sarahside, SD 60774	2002-04-10	e47317e0273f3d8b41d3ee23f3f88fd642eeb656bbce431dd6ec6b8a7a75da24	2024-09-03 01:36:26.980591
69	Jacqueline Nelson	wrightbarbara@example.net	+1-551-973-0159x8571	0491 Nicholas Unions, New Rhonda, MH 09306	1967-10-13	54163635a61dee6b051d362ca74fa06a48441193c08fb9e48116e01fd030e065	2024-09-03 01:36:26.980591
70	Belinda Thomas	terranceross@example.net	001-834-882-3180x5970	73467 Smith Isle Suite 791, South Kellymouth, VA 22172	2004-10-01	bfb29112645182bd60f5efde1b94ff0cfa8d50511ab6faac05bbbe9c91109528	2024-09-03 01:36:26.980591
71	Mary Diaz	vasquezbrittany@example.net	436.891.0589	29001 Maria View, Dianeshire, NH 51409	1956-10-02	8c0d5ce76df846c7875bef0f519453140f93ca5f03b1b391f324833d5726440a	2024-09-03 01:36:26.980591
72	Lisa Smith	elainehansen@example.org	001-446-964-8682x8864	87764 Stacy Way, North Victorfurt, IN 74822	1996-11-07	bd008c65984d6be71461783ae88524b765bb5db3641904db58348deee77124a3	2024-09-03 01:36:26.980591
73	Kenneth Mejia	johnsonsteven@example.org	569-658-5169	581 Long Path, Lake Natashatown, NH 82812	1961-12-12	848369359bf5d91140e40fa10de1f33eff4b8da08c8f8c1170d97bbc4e73bdce	2024-09-03 01:36:26.980591
74	Maria Cox	sarahaney@example.org	001-733-758-6448x42017	87475 Hughes Glens, Port John, SD 96674	1997-12-02	6fcd16cfe326f97d8e6c15738341b5ebe41a6c6a52c4593fbbc4bbf9f6aa1c33	2024-09-03 01:36:26.980591
75	William Browning	mcdonaldbrian@example.net	248.209.9902x0985	Unit 2680 Box 8533, DPO AE 60399	1955-07-16	d1f5059fb76669eacbded8de3258ae15f397bf5ea71b94a1b5558998fa53e2aa	2024-09-03 01:36:26.980591
76	Michael Gibson	katie50@example.net	621-805-6094	605 Frank Route Apt. 665, East Nancybury, KS 00861	2000-11-10	eb8f8582485c72bdab6278fb41235229bc7e847e41adcc160ad5692a2cf407af	2024-09-03 01:36:26.980591
77	Johnathan Gonzalez	millerdonald@example.com	(859)485-6139	88909 Victor Stream Suite 338, Lake Ambershire, WY 66996	2006-06-02	92565c92703cc9b42dd763f5a78d09b82961369b4f56af456d7c4fdf5dbd579b	2024-09-03 01:36:26.980591
78	Thomas Krueger	fperez@example.net	+1-317-784-9612x9916	350 Brown Coves, Port Paul, PW 73304	1952-12-27	d31020e8f8c5f62f90710593bcf8ef81d8a748c6c79ea210181a894ca3be7c8a	2024-09-03 01:36:26.980591
79	Anthony Dickson	kathy98@example.org	487-769-7428	69921 Michael Highway Apt. 376, Castillochester, DE 78646	1946-09-30	83a0708fc5924c306f2fbdbd7689a59b2aa6e4c9a72682ff1549dbce97cf96bd	2024-09-03 01:36:26.980591
80	Timothy Ford	fitzpatrickalbert@example.org	(471)856-4119	USNV Carr, FPO AA 13395	1981-09-06	f7f03ec427e16a75b6b67943a595b9c36f8014f3417c8118a55063b20683bb27	2024-09-03 01:36:26.980591
81	Katherine Baker	cmontgomery@example.org	(246)776-8664x59502	93212 Burns Harbors, East Sean, TN 57495	2003-11-02	464c3c46046e9b884964fb76b4f0a86933f8772d0fe0308317eac8e55589c5b7	2024-09-03 01:36:26.980591
82	David Knight	weaverandrea@example.net	643-967-6779	202 Patrick Overpass, West Benjaminland, FM 92024	1958-05-10	89674340e0895471169b19a115a273f37cf7c5d4ba0b4a6e22683f38159ebc85	2024-09-03 01:36:26.980591
83	Eric Martinez	valerieturner@example.org	962-755-2115	50091 Lisa Lakes Suite 072, New Mark, DC 67718	1959-05-04	7732d429be3f5375d191638289d47862f96879982cc89a120840950741cb2508	2024-09-03 01:36:26.980591
84	Sharon Delacruz	vhawkins@example.com	514.697.4365	7928 Turner Meadow Apt. 231, Rangelstad, IN 08615	1985-10-05	6148680c9e7b6e13c799f751df0a04a3c32fb146186e10e264f1393018c5fe75	2024-09-03 01:36:26.980591
85	Connie Patel	mary62@example.org	346.596.8675x77204	5792 Smith Terrace, Hannabury, CT 33747	2003-09-26	d68fdb59a6510e9426c059e39215060e3a30eba1aea666bb0d0d7c5a1c6dff7e	2024-09-03 01:36:26.980591
86	Cheryl Cameron	david78@example.org	958.471.1837x0488	1761 Grant Light, West Thomas, KY 77877	1966-01-02	0af61fb1e640a0dd76315b2a37916514061ecce211a6e6b00aee40720a59caa1	2024-09-03 01:36:26.980591
87	Mrs. Marissa Davis	jasmine73@example.com	378.866.8395x0298	7450 Valencia Ridge Suite 049, West Davidtown, GA 96099	1977-01-06	cb41212e5dae553d49ac8fbd9905863e277b10baabef4af7074c37021dbae9fa	2024-09-03 01:36:26.980591
88	Vincent Valentine	agarcia@example.net	533-632-4106x337	USS Valenzuela, FPO AE 13233	1999-02-25	b17b6c792505cf09a1f7e25217a5bb2a12703137ef23d1a2ad2def349abfbf8d	2024-09-03 01:36:26.980591
89	Chase Cabrera	berrykathy@example.net	(667)574-7444x6211	364 Torres Mountains, Port Davidton, IN 61928	1950-09-30	ca9cd7d7cc4a308e1d8d3222b61e4c446e29e6504f2a09787e1efed00d7f17ff	2024-09-03 01:36:26.980591
90	Teresa Miller	bhamilton@example.org	(789)555-2141x581	4721 Jamie Ports Apt. 279, North Jessica, SC 96669	1964-03-21	716b7135200063ab21ccb84aff55efd110393a59a6ab1d8fc44e076f0f0954d9	2024-09-03 01:36:26.980591
91	Jessica Perry	bakerkristin@example.net	519.796.1083	Unit 7828 Box 0758, DPO AE 66008	1989-04-15	8f65209708b7f25b69758e3e9b21928fe4b0444c1ea660ac116fe76211539ff1	2024-09-03 01:36:26.980591
92	Kimberly Robinson	jjohnson@example.com	5632329358	224 Woodward Pine Apt. 764, North Paulport, GA 03281	1968-01-05	225685b6b05827165c2383b6e7232e36e26e1ec4eac74b84297168eaf0c10a21	2024-09-03 01:36:26.980591
93	Matthew Marsh	yblack@example.org	497.482.6559	83418 Andrea Motorway, Rodgersville, NE 06165	2004-02-16	264650a68c3dc98095abce6e6cc95086df1d5e9603c57ffe2cafc1f8daae1412	2024-09-03 01:36:26.980591
94	Lydia Walker	jeremybates@example.com	290.855.4553x90158	37904 Isabella Flats Apt. 428, New Sara, OR 97498	1988-05-20	1d8ca8e0b175362e696a7c1d5b919fc286ac7230f5cc12e5b60cdb115bce1aec	2024-09-03 01:36:26.980591
95	Alan Moore	valerie67@example.net	(596)560-4863	PSC 2141, Box 2362, APO AA 98308	2004-03-26	ac94447ab6f32f760b6dbb0531db00accee2f61f2394add4d5b4a529683b3c0a	2024-09-03 01:36:26.980591
96	Ashley Smith	wesleyrhodes@example.com	+1-275-557-8414x4993	454 Christopher Route Suite 864, Heatherbury, MT 15840	1989-10-09	55ad9788ec884aa86f63aea721f34576b3ec51983d5d61b670389424342e9375	2024-09-03 01:36:26.980591
97	Dennis Morris	michaelriggs@example.com	+1-611-640-0458x2389	16659 Jones Green Apt. 091, Port James, IA 17589	1963-12-18	c430d6e86a763f8f055bf316351a9d6aa5c8760bcf8fc5b6c7c48f9785438656	2024-09-03 01:36:26.980591
98	Brenda Roberts	hernandezbryan@example.org	+1-468-259-2815x5706	3372 Avery Burgs, Lake Michael, PA 79263	1969-10-25	262f30fcce16d99c1ebbfcca0ee01a6c3973cb4f5670094cf7de517551a4f4ef	2024-09-03 01:36:26.980591
99	Karen Grimes	dylan63@example.net	4326542915	198 Norris Alley Apt. 692, South Ericborough, VI 72015	1960-02-23	a394d30a75747e63f465f521a5ecf9f7a7b061b81f060defff4600a04c224368	2024-09-03 01:36:26.980591
100	Alicia Richards	diana90@example.net	+1-819-857-1718	88921 Tracy Stream, Port Jerry, NC 79321	1969-09-28	46e74bafce542df5172f6e13057a20043f95c1e47ea434295a936e83a2686256	2024-09-03 01:36:26.980591
375	Gabriel Elliott	bonnie41@example.org	+1-858-551-7068x963	433 Nathan Lodge Suite 741, East Davidstad, ME 10942	1957-01-28	47baade3420b66a5266220143ccc6e7b9a75ef025f004e57da5ffa0edf20c6c4	2024-09-03 02:09:28.685253
376	Charles Gonzales	hgutierrez@example.com	361.236.4978x9493	198 Jones Glens Apt. 000, Lake Josephburgh, MD 86418	1959-07-30	b5032ab4fd3d84720b16d32d448cccea7c09583b4db04eadd66a9baadf46ca08	2024-09-03 02:09:28.685253
377	Tara Barnes	michaelreed@example.com	+1-811-888-8945	373 Pierce Port Suite 956, Pagemouth, MO 13036	1943-09-04	59c187086f74701bffc2a345c376750fd43d74960b01758146a70e8c1101569d	2024-09-03 02:09:28.685253
378	Michael Leon	mortonerica@example.com	647-441-5419x83930	449 Lopez Shoals Apt. 608, Guerrashire, GU 44380	1981-06-07	90a1e50c0c4f7b341de7c3d12201266bac12307a0bdfb0013ebbf3d5e1e70dd4	2024-09-03 02:09:28.685253
379	Tammy Cooley	bguerrero@example.com	001-855-473-7464x848	1093 Christina Drives Apt. 771, Lake Tiffanyland, MD 84194	2006-03-27	1d401c99018abecb349b8caa08a95587436876418b016bec824b9e55d39990da	2024-09-03 02:09:28.685253
380	Wendy Wood	williamdunn@example.com	001-598-833-3600x382	640 Ariana Oval, Rebeccastad, MS 26011	1977-06-20	474bd970b7808a1e9e820233df21128bd42e057b1fd9bad535a85f77807aaa16	2024-09-03 02:09:28.685253
381	Matthew Barnett	krystalevans@example.com	+1-322-853-1586	133 Jackson Lakes Apt. 611, New Joshua, PW 58841	1994-11-08	ce1a4158834fa5dca84c468288b57c452fb8a73abac748ffdd1c363b7c61f63c	2024-09-03 02:09:28.685253
382	Jennifer Wilson	leerodriguez@example.net	7629294752	35682 James Orchard Apt. 718, Micheleton, KS 03157	1980-09-28	9ed731767648e9debfe2023b1eaa3d07f3f67c38f5ebce3e0cf8be5d56ab55bc	2024-09-03 02:09:28.685253
383	Brian Wilson	debraswanson@example.org	+1-705-247-1924	602 Brenda Prairie Suite 334, Alfredborough, PW 25050	2003-09-18	324526d81fb432c4120f99c84b95d73fe4ceda9c9d9104d5941b997127a0e15e	2024-09-03 02:09:28.685253
384	Charles Collins	pschultz@example.net	(756)835-5704x49728	39290 Holland Summit Apt. 549, Francofurt, VA 14067	1999-02-02	32d7a77f60508fcbb45886f0d2bcef073d63c6f6a5a87a2839c0986eded5845b	2024-09-03 02:09:28.685253
385	Robert Hayes	lanebrenda@example.com	981-941-2574	860 Larson Vista Apt. 246, New Mackenzie, CT 75714	1996-08-26	46737a5dc2b74d9c272bb57fbe42f2f3176d681a245d82bc219b957dc2067096	2024-09-03 02:09:28.685253
386	Dr. Karen Willis	michaelmartinez@example.net	(369)353-7755x23067	934 Hudson Passage Apt. 213, West Charles, MD 00588	1957-02-08	f9010faaec8d946d41db00923b5be2750d133412c176fda8e9325d53a5f6a799	2024-09-03 02:09:28.685253
387	Michelle Reid	sean34@example.org	+1-609-406-5067x12816	4091 Bryant Mountain, Thomasstad, DE 39604	1951-12-16	2b1aee2dd42cdbf90ecb7b6aa6e80c9a45eba1dd49c130437bb53a0bbeb6e514	2024-09-03 02:09:28.685253
388	Dr. Brittany Robinson PhD	imartin@example.com	+1-685-377-1044x7517	04281 Villa Station, New Cathychester, ID 75387	1994-08-19	7120bdcdeb28787446284321e3c32aecd4be58f6442a3f590388e74bb9705f2c	2024-09-03 02:09:28.685253
389	Lindsay Green	danielleadkins@example.org	590.288.9061x09406	Unit 5279 Box 0624, DPO AE 28205	1956-08-26	52a813c1c49359f3c5d53a0f5f6eb8a5854804e2391f99eef59068a57c7bbae5	2024-09-03 02:09:28.685253
390	Richard Miller	duncancatherine@example.com	580.679.4015x969	533 Patricia Corner Suite 823, Kristyberg, DE 95729	1977-07-14	21dd62466c98bb7db22ff2e87ccf54f064c0ebff551fc78fe85e415ff7bd8d84	2024-09-03 02:09:28.685253
391	Dana Bell	markdelgado@example.net	514.956.1457x1899	7588 Jonathan Park Suite 534, Lake Jasonchester, KY 48021	1991-03-10	89aee724f3dcc5e4f7c0c089a5a40c8281fecd18d2647ed47d8930d855facfb0	2024-09-03 02:09:28.685253
392	Jennifer Hawkins	jacksonkristen@example.org	+1-910-970-4157x19018	947 Jones Crescent, Williamsstad, VT 58347	1959-04-22	e248a147f44ec12541e830d9b660c8e23208e60b06db30eee2c7810f8dfab975	2024-09-03 02:09:28.685253
393	Tiffany Miller	wduran@example.org	551.761.2301x273	631 Brandi Inlet, West Tashaside, MO 86996	1979-05-03	6b03c106dd9a36a6cf6f2d510581b6800b8b50c761e9f9e78804e50cc93a5b63	2024-09-03 02:09:28.685253
394	Amber Acosta	melissa88@example.com	001-989-989-4611	6060 Thompson Village, Port Eugene, FL 02407	1966-10-17	85bdf0b621d3bba58dfedd116210a19d79889ab279a6692388ccdcf8afab3483	2024-09-03 02:09:28.685253
395	James Griffin	romerolucas@example.com	218-245-6026x18609	6397 Wagner Alley Suite 657, South Christymouth, UT 69065	1969-08-18	699a30a4bc0a934f6e87be7cb90d4a3c951086f7537b9190d055089a797105c8	2024-09-03 02:09:28.685253
396	Jamie Fernandez	joannaturner@example.net	6902547017	008 Aaron Cove Apt. 684, Greenmouth, MT 13984	1996-09-28	17eebe9fe17be4a37f665fc55e1fe0413ce9b7f816784bfe802ae66294c76b51	2024-09-03 02:09:28.685253
397	David Christian	gabrielagonzalez@example.org	989-952-4500x34379	USCGC King, FPO AP 19039	1982-10-30	c9e110f7f727ee690616afdd91aff72cbc5d2864c6c11f771817505f4df7c7bd	2024-09-03 02:09:28.685253
398	Holly Barton	kimberlyhoward@example.org	(467)330-6200x98250	9284 Flores Manor, Jonesview, AK 30418	2006-08-14	9c04c8f17e879b2640c2c6c72a6f4fab94348e4b023c57d8e11c76fe8097edcd	2024-09-03 02:09:28.685253
399	Amy Diaz	jose66@example.net	492-539-1643x16660	4944 Rivera Points Apt. 701, East Wendybury, CA 19704	1956-10-13	c8a40f0722dea269dab36a69b3591cb4f940581f296e9ea52cbec71326219a69	2024-09-03 02:09:28.685253
400	Brian Orozco	mike87@example.net	(468)236-3890x67475	718 Williams Skyway Suite 528, Lake Jennifer, KY 27645	1948-09-12	513e0360e75f3b0233c468adb0d1dedc2720c3adb3ca294b6bc03114b2e42ef2	2024-09-03 02:09:28.685253
401	Jesus Russell	danielle72@example.net	(444)894-7488x14412	79046 Miller Road, Comptonberg, KS 39101	1946-08-02	fdcf2a5cca49f1804af513a50256532d1e137a2895818b6edf73f051960278c7	2024-09-03 02:09:28.685253
402	Shawn Henry	hhall@example.net	212.644.0653	2357 Stephanie Causeway Suite 453, Lake Stephen, PA 69441	1946-08-17	cfa7f7431f6ca035a7a169d67e227f353eed9d0f845f10fda6443c55b7d615ff	2024-09-03 02:09:28.685253
403	Jermaine Smith	alexa87@example.net	(421)427-4528x66162	372 Sandra Key, Riversland, FM 84814	1947-03-23	6e03fafe2b4428bf66eea6c6a04cc63b3209cf676a8e62f4748132ee5967fbb7	2024-09-03 02:09:28.685253
404	Rebecca Anderson PhD	mchristian@example.com	001-438-317-7736x018	11896 Davila Prairie Apt. 121, South Carolyn, HI 27795	1983-02-04	f8da814f9bb34c040af00a31b2f1a30c8170b601459e833eabc2561a23cfd876	2024-09-03 02:09:28.685253
405	Annette Brown	tammyallen@example.net	802.402.0794	536 Payne Keys Apt. 312, Santiagoview, IL 86849	1944-04-26	d96fc7f237be3b6fbc4683df3b92b2de45f29faa2bbd8d8ba4765bd1416266e8	2024-09-03 02:09:28.685253
406	Eric Ferguson	xsanchez@example.com	001-576-591-6313x1154	842 Tate Islands Apt. 746, Whiteheadburgh, IN 57933	1951-09-26	4f1e34ef196f3cd8cddf601258b3772011199e3aecf49c6f421f5e6fecbba408	2024-09-03 02:09:28.685253
407	Joshua Adams	hoffmanann@example.org	560.872.3579	73437 Rebecca Flats, Lake Jasonview, PA 29846	1992-01-04	93feda4347bd772940bc5b242a2d71857bb09a237ee909c9b48504269f656d45	2024-09-03 02:09:28.685253
408	Dawn Moss	portiz@example.net	(983)390-0914x31322	25332 David Garden, Lake Philip, ND 97646	1999-11-01	0017d7c2c24a64cb6c0a9aa13c5abba4f253c8dc6c275b71a37c4ac8d45d983b	2024-09-03 02:09:28.685253
409	Nicole Bennett	whitejonathan@example.com	813.255.5821x64323	9568 Christopher Shoals Apt. 103, Port Craigtown, VT 55744	1980-06-21	57cfee423a5241e4996fef8751b429df0d8fb1a0ccc646594ea506d3fed0ea35	2024-09-03 02:09:28.685253
410	Jessica Bell	nguyensamantha@example.org	(799)433-4687x650	0462 Kristy Spur Suite 131, Lake Christophershire, FM 12875	2006-06-28	72c52bdad903de5e9b0fa80cf36ddb1061d050989fcac6c329100722c9916728	2024-09-03 02:09:28.685253
412	Philip Olson	bturner@example.net	001-821-695-1989	4550 David Curve Apt. 106, Lake Emmaland, CT 83861	1985-11-12	a20939ab5fcae7e97d57f23a393193007601d214cc30836978d8a4e3297bb8af	2024-09-03 02:09:28.685253
413	Laura Daugherty	ianpowers@example.com	+1-288-470-5626x362	1319 Rivera Lakes, North Kristenmouth, OK 98079	1977-02-02	acf5725a40c32bc6f60e436eb0e64b80eb9c2dad22c27b20b0265b55df7ed4cd	2024-09-03 02:09:28.685253
414	William Perry	jason34@example.net	001-366-221-6425	148 Douglas Forges Suite 157, Joycemouth, MS 93232	1991-10-04	4f501efeccdc39171c18f8611fe5dd8c84bb69252f4c846dfb308ef2fa714401	2024-09-03 02:09:28.685253
415	Jennifer Coleman	qmarshall@example.com	(612)798-8578x4163	33963 Alyssa Meadows Apt. 127, Bryanmouth, WI 41361	1952-01-13	96d6378136f17fe80a5a8fb6256e6ba48410c19ee337cff7fc8cdea9c6177bc2	2024-09-03 02:09:28.685253
416	Timothy Jones	andersonalbert@example.org	6795707262	0989 Tammy Valleys, Port Meganborough, WI 51962	1996-01-18	b0cdf9febcac2af788a46b0db682b3d9c20385ffa937546ba4dd6185c291af5a	2024-09-03 02:09:28.685253
417	Jose Martin	jason85@example.org	671-521-2213	6767 Katelyn Club Suite 700, Lake William, NJ 72962	1983-07-08	644b7dcd3d28784abba8dd58b0fd672d3c9e86dab01aa21b59473399251a6986	2024-09-03 02:09:28.685253
418	Cathy Calhoun	murphylaura@example.org	427-298-8557x9898	69716 Buchanan Oval Suite 264, Lake Jonathan, MD 24586	1981-06-04	3923c4678b872dc01f52e9051faf2c0fbca1f8ee39ccbd8724eadc37b10e7c38	2024-09-03 02:09:28.685253
419	Elizabeth Briggs	nbenitez@example.org	5339936496	429 Angela Trail Suite 036, Micheleville, RI 88657	2003-03-07	069be609b1ee9b84dc6f007564b84706548c426bf32b0550decae80b8296f31c	2024-09-03 02:09:28.685253
420	Kenneth Chavez	jeffrey27@example.org	(484)891-2523	99880 Freeman Burgs, South Joshua, AR 77987	1981-09-06	1fad2ac43d2529730fa1322e16ca94b819f401aabbcf13b4854dc48cc58223a4	2024-09-03 02:09:28.685253
421	Dustin Reed	ann33@example.net	621-866-8465x9195	9006 Emily Court, North Beverlyview, GA 95466	1988-05-01	4fc0a241f8a8ccf7dd35ff9ebd34cb6ab630cd6bb385899b36b6808dd6ee752c	2024-09-03 02:09:28.685253
422	Anthony Roberts	willie33@example.com	001-785-486-0875x99694	07669 Mary Gardens, Lindamouth, FL 64032	2003-11-24	fe16bb785cbedb1bac75810a925ddc1188aa0c0a77ec67ff2a147a72d6a5500f	2024-09-03 02:09:28.685253
423	Lawrence Hart	frederickbates@example.com	378-517-2869	146 Lopez Extensions, Port Bettyland, VI 27497	1989-02-12	ea7483f6cc07e758c2277d0fb604eb5f759439c6a07e36c95c7f6632f6cdce49	2024-09-03 02:09:28.685253
424	Daniel Martin	bruce16@example.net	239.536.3462	18392 Williams Fort, North Christina, IN 99729	1947-03-09	abaa6a00b22d8eb8cff07e74eccf368f83cf139dd2dbfa03303e8496c3cbe5bc	2024-09-03 02:09:28.685253
425	Joel Parker	william74@example.com	(357)680-3119	187 Stephanie Loaf, Lake Michael, NE 69657	1969-11-24	c82c8c17377999c0f64d56b4d7439552ffb3f3026c991159c98ae295e920f764	2024-09-03 02:09:28.685253
426	Rebecca Mitchell	charles29@example.com	830-960-3001x73610	5406 Ramirez Loaf, Lake Travis, IA 64518	1966-09-17	4101285bd9755113f7829fa50e11eaf094c956a4f11a44cc8cf176fab5b3bde3	2024-09-03 02:09:28.685253
427	Deborah Wood	robertjenkins@example.net	304-444-8096x020	1651 Loretta Pines Suite 017, Harrisfort, KS 10557	1953-07-31	e1f7432b2cd1458073eb6d9d69285955260fe9a86261d87422191774dc03aaa1	2024-09-03 02:09:28.685253
428	Christine Snyder	mberry@example.org	001-660-894-2635	60813 Young Terrace Suite 384, Beckchester, AR 40041	1959-03-02	ccf0555a6ab1043e29c6b9fd1d58539319131bd0ec52f78f63b2c34acce7d0dc	2024-09-03 02:09:28.685253
429	Grace Miles	angela38@example.net	+1-430-774-6161x528	56845 Harris Lake, Isabellachester, OH 14274	2006-07-26	b00add0ca5d6ba3f7141f7783cad782edeec08e3c285952fce450e84b2f78392	2024-09-03 02:09:28.685253
430	Mitchell Baker	david44@example.com	225.978.0446x85415	75389 Jose Track, South Brandonport, AR 12768	1970-04-15	839f1346a9d37299d31705b5fb6c8339046dc2fc29a382615e0fe65253dada60	2024-09-03 02:09:28.685253
431	Alan Jenkins	lauren22@example.com	881-313-5983	73604 Mary Center Suite 427, East Jenniferchester, NM 40193	1994-10-29	790fb7ece1f8138fdeadc1319c25fc936308d934f8ba136880b86fb59e7475ee	2024-09-03 02:09:28.685253
432	Tammy Norman	ojarvis@example.org	946-790-8255x02325	Unit 0120 Box 0902, DPO AA 77350	2001-05-05	3a65cc59b38cbb5ac6bd96391041014e63e64509c42f9fe9aef7c1340d8a5daa	2024-09-03 02:09:28.685253
433	Joshua Bender	josekelly@example.com	+1-279-284-0615x69977	340 Benjamin Vista, Lake Eileenton, IN 66274	1979-02-22	c9b343cab7420ec178add6ccbe7604b85ca532446275c17ad1cfe0ce3de91144	2024-09-03 02:09:28.685253
434	Jasmine Tapia	shane31@example.com	001-659-919-6285	830 Wallace Parks, Reginamouth, AR 75736	1971-06-15	80d22e48c3d965fcdbde9bb0f170331ffa3a28311d32574ba885774c0ef36c0e	2024-09-03 02:09:28.685253
435	Brittany Smith	sarah56@example.com	606-438-9768x038	7028 Parker Shoals, Cabreratown, CA 62377	1988-12-22	0be7e53efcb1f1d27572b149e3ffcab77960fe53864c481b67a3db1b0de262f6	2024-09-03 02:09:28.685253
436	Jose Ward	bakertheresa@example.com	(365)961-4336x0409	790 Keller Inlet Suite 531, East Timothy, NH 31611	1957-01-30	768d62d7495d4f7fd9c9e170d11440b039e6df35a2aca22066f076acb75c0da8	2024-09-03 02:09:28.685253
437	John Carlson	nancypaul@example.net	301-413-0271x87996	Unit 3803 Box 9293, DPO AE 48034	1945-10-31	fbd13a229da8b1b901fab6b19bc9e54bff2027cf82a5e1f462f30e51846d9e26	2024-09-03 02:09:28.685253
438	David Solis	jreid@example.com	+1-372-761-2200x8003	8763 John Village Apt. 482, Port Nancy, KS 04507	1992-05-25	e0b5cff94dd7dc012c7bc33a09fbe577aa22c1ddd7979fac7104f8bd1afd3f82	2024-09-03 02:09:28.685253
439	Jordan Henry	hooverrachel@example.org	(688)575-7743	0468 Morrison Common Suite 973, New Andreashire, ME 98385	1955-10-10	d3c6657efb3f8c5cd68671baad8873b9976220e8e87041eb2ae94334fd11a8c2	2024-09-03 02:09:28.685253
440	Eric Stone	gcarroll@example.net	(814)875-8052	592 Edward Points Apt. 179, Amandaton, AZ 25735	1962-08-06	e20f302bcc0b9578debd53e2741ec19c0d8238405282f6507db061c64c591e04	2024-09-03 02:09:28.685253
441	Sylvia Burns	wsmith@example.net	9112941518	PSC 2808, Box 9262, APO AE 85787	1988-12-05	fcd6e61b081d11b716257972d55e051e1b3e8411b2f01817b7249d07077faaa9	2024-09-03 02:09:28.685253
442	Mindy Kane	fernandezricardo@example.net	385.211.9476	77555 Laura Centers Suite 211, South Catherinemouth, MT 45133	1970-01-11	8ebd2015d9a6806511c990c955bfc443a958c628b6d48239c2e2c06be6b5f732	2024-09-03 02:09:28.685253
443	Richard Acosta	nshaw@example.com	(786)679-1465x62542	2140 Nicole Cliff Apt. 889, East Edward, CO 65914	1986-02-22	c4b889a056ecc4ec8236046f9e33fe72b3dba34f00dd5a6bc69815674aa9d463	2024-09-03 02:09:28.685253
444	Brandi Jenkins	lisaflores@example.com	(247)358-3975x402	4056 Dana Gateway Apt. 303, South Stephanietown, ME 47910	1975-09-17	b9e20d771b72e5cf50fad2f8b017f50716a6967f4722f30e120b654195ce0323	2024-09-03 02:09:28.685253
445	Daniel King	vkennedy@example.net	(296)828-1232x415	7358 William Tunnel, New Eric, LA 99137	1994-02-12	5f70321eb7841f3b0ce1606a358b1c8964d738e074143e6b53b2c88a12bfcb68	2024-09-03 02:09:28.685253
446	Christina Jones	steven15@example.com	(460)644-9629x93445	02437 Chavez Ferry, Jeremymouth, ME 11023	1999-07-21	a2cac771ae4e8061425dbae493ade2f1fd7a0b0f1d4566dd1ebb23c25ab2e8ce	2024-09-03 02:09:28.685253
447	Kristen Davis	tsmith@example.net	001-205-295-9708x351	60212 Gonzalez Branch Apt. 637, Carolynmouth, IN 18183	1951-06-02	3e7f3fd9dd8444f05dd907b0c630ecb3d71ba99bf0ef60dd881d6032d1ecf64b	2024-09-03 02:09:28.685253
448	George Todd	ycowan@example.org	724-949-3048x36864	78635 Lee Extension Suite 183, West Samanthaberg, AL 21499	1950-04-01	5ee1704bdcb2427decc090d8ecd08214c7db8f5ca0328f441bb92e5dbfc65747	2024-09-03 02:09:28.685253
449	Cheyenne Diaz	fullerchristopher@example.com	634-981-6445x074	1030 Paige Ports, North Michealbury, AR 37070	1944-01-17	d1fa245664e3d4dde7825a955a9d1e929f07c86025f3ed1c8b0100856f0f93d0	2024-09-03 02:09:28.685253
450	Catherine Adams	joneshannah@example.org	001-339-241-5951x915	PSC 6109, Box 0217, APO AE 81851	1986-03-04	223dcdfe2091c3ef546f2669c9781ad42a4c47b8dce664d923a329b4e683b29e	2024-09-03 02:09:28.685253
451	Ashley Jimenez	cameronmurphy@example.net	+1-919-477-8903x84444	41792 Spears Village, Adamton, VA 62974	1980-07-16	45af1f1388ac8140f783960e937eacb8bea01a84ac9df631ffe9f52518f220ee	2024-09-03 02:09:28.685253
452	Aaron Watts	thomas14@example.org	312-674-6826	93009 Walter Corners Suite 789, Lake George, AR 34402	1995-08-18	c09efaf9342271f7d04206006e352918dd91b123d0d1e72860fdcafdedf45fe8	2024-09-03 02:09:28.685253
453	Joshua Ramos	andrewsholly@example.com	868.693.3520x6976	7310 Johnson Path Suite 384, Christophershire, TX 33108	1963-10-31	c8ce318771065f61bac52ae18c10747f88ef2b5340f2522c9634f8982e66aea2	2024-09-03 02:09:28.685253
454	Benjamin Hill DVM	katieboyd@example.org	+1-500-951-2136	702 Julia Underpass Suite 254, Jamesborough, RI 89203	1979-06-14	d109e3f74388164cb36e218a9b1ec1d976c79cca55895c93419e3bb4d6a53bff	2024-09-03 02:09:28.685253
455	Gary Shelton	christy67@example.org	(513)663-4196x5202	2549 Hernandez Flat Apt. 114, Samueltown, WV 51277	1994-01-06	bb89fdfc06c49b4dda8cd1050d48b6a43eee126ea2442b1647be6c58bd6d7227	2024-09-03 02:09:28.685253
456	Anthony Garcia	william60@example.net	306-635-9855x47756	8617 William Grove, Matthewburgh, NM 83124	1992-04-04	518894b5ada5984e2e77b5d7eccfb325e84de0a39992dae144caa8e129669e09	2024-09-03 02:09:28.685253
457	Shane Miller	nicholas02@example.org	+1-362-548-3767x005	47986 Schneider Ramp Suite 734, Maloneton, SD 65675	1957-03-23	a21480502f69e40fde2ef8a920204b5992f006ec5802598066d4d8e2c4ef556e	2024-09-03 02:09:28.685253
458	Harold Powell	robertsonbrittany@example.com	911.961.4848x4604	14475 Sheppard Station, Robertland, MH 40541	1963-01-07	56f1f0c6df262a5faa3b1d71de405028b7ff37adba8a7f1a917f8dcb67b9a52c	2024-09-03 02:09:28.685253
459	Julie Wolfe	beardchristopher@example.net	+1-874-507-4240	504 White Isle, East Jacobview, NY 87937	1982-04-06	1cfcbfb7223fc756b8862f0bc09d62e2b956194fdd85dbb449a72f9c23cca28c	2024-09-03 02:09:28.685253
460	Rhonda Campos	smithdanielle@example.com	001-883-292-6287	807 Adam Parkway, North Matthew, MN 38872	1956-12-03	d29064ae420b478ce3f48a2e84f51d5af54d2621478e7d86c02462f5c8461725	2024-09-03 02:09:28.685253
461	Heidi Rivera	jodyperry@example.org	001-397-613-5036	7827 Smith Islands Apt. 620, East Mackenzieland, IA 22292	2005-12-05	d3b33f461e9cc59f4402c8602a745aeaa7ab31723fad12589fb1fe5f6f362b01	2024-09-03 02:09:28.685253
462	Jason Jones	vanessamorris@example.net	001-633-543-9984x4473	USNS Frost, FPO AA 47587	1965-02-25	98510dad81553cf568be555e516c6220179491aa1c5dbbcc937c1cd67d0cfdfa	2024-09-03 02:09:28.685253
463	James Ponce	greenphilip@example.com	+1-765-262-5321	64039 Smith Plain Suite 134, Christophermouth, MD 89224	1985-11-08	e40e2569445d4099d19a0ba4201af30bfcf191665daa80d1f070e9cabf068076	2024-09-03 02:09:28.685253
464	Joseph Stanley	heatherwells@example.org	4223449394	78809 Oneal Fork Suite 926, Rogersborough, MI 61316	1945-08-17	f41d94e1e266a17961373a90b0ee95efbaf4bf8f5379e6388f14c14d59f9fc4c	2024-09-03 02:09:28.685253
465	Kristen Griffith	wallaceandrea@example.org	001-948-847-7147x60918	0390 Cooper Union Suite 899, Wrighttown, UT 29257	1959-04-06	6889d3ea41f9460cf3c3d2015ab98a9cdae9a56f47e4725a90ba329022976423	2024-09-03 02:09:28.685253
466	Elizabeth Morrison	obrienerica@example.net	893-597-5482x099	4924 Leah Way, Hernandezchester, TN 76347	1977-10-27	de3e9a14d9bb9768c97192983b54051a6e476cba55b99bead13281ddaebb65fe	2024-09-03 02:09:28.685253
467	Leslie Smith	jmiller@example.net	001-661-753-9650x265	9404 Lyons Knoll, East Jonathan, MD 03415	1950-04-14	6d2e4189d71f4c3fcd70041ce4c91a60af2844359550ffc9630542764490c690	2024-09-03 02:09:28.685253
468	Frank Randall	neallawrence@example.com	+1-394-372-6420x61167	3873 Laura Meadow, New Nicole, ID 11267	1962-09-08	18054a9384e08386da7a34da53cc144477f97bee6ca36643cbbdf4a2f807eb7d	2024-09-03 02:09:28.685253
469	Alex Hunter	danielsmall@example.net	950-606-5656	957 Mays Route Apt. 157, Lake Rebekahland, CT 14412	1960-05-07	4d9e91329bf3fa7a293663a7d79df7a186e162d7ea91a2abd590aa08d80060bc	2024-09-03 02:09:28.685253
470	Angela Wall	jonathonfrost@example.net	(798)516-7488x66948	160 Brown Course Suite 005, Craigbury, AR 91576	1988-01-22	1a36b407b9d6875f47cb623789ef0b31ead025f508553f173c175aa176eb55fd	2024-09-03 02:09:28.685253
471	Timothy Clarke	brandonlewis@example.com	797-917-1649	0342 Sarah Rapid Suite 202, Johnhaven, WA 05482	1989-03-30	b60cccbc5c27d9a61f1082f0e42783ea78a7eed57e3bfacf60233d6ec4fe9864	2024-09-03 02:09:28.685253
472	Jared Brown	peterwest@example.com	745.514.7179x19358	95119 Katherine Parkway Apt. 511, Brandonberg, CT 99087	1998-05-09	306ad1e7f865adb0f84d16b528477735b33cbcf2a7c61bd53c20790b25e5135c	2024-09-03 02:09:28.685253
473	Stephanie Vasquez	wrightthomas@example.org	(747)398-5284	150 Lucas Path Suite 131, South Benjamin, LA 34186	1965-03-14	8a90d0c025ef12e796a0d84ebd4f6d16cfa02ecdfe5df68f294ed7cd7893979f	2024-09-03 02:09:28.685253
474	Peter Hood	gtate@example.org	615-483-4176	PSC 8549, Box 2567, APO AE 13396	2005-05-01	239253d26d3c2f216861a3ae62539eb46597c3df4f8d2ba665558111fa91dc95	2024-09-03 02:09:28.685253
503	Joshua Bennett	kblevins@example.net	(925)793-2216	4478 Russell Gateway, Princeborough, KS 48921	1955-03-05	d4b2316aa7cdf0a230996980751f7004ca4c16f508e3bf0550fd900ec5783ba0	2024-09-03 03:33:28.801133
504	Stephanie Sparks	simmonsgabriel@example.org	(559)400-1302x4467	150 Mcdonald Branch Suite 878, Paulberg, RI 60957	1992-10-10	59592be5d82d316e1818cbd63f95f747e1cf7c8818e3fc01b38b8a02f0f43f9d	2024-09-03 03:33:28.801133
505	Mark Mckee	nicole05@example.org	5427912172	1974 Stevens Causeway Apt. 207, Gaytown, NV 15609	2006-08-10	947cd0cea1e79ec91057a2d3f06cd7606e1bbb9b0157ffb0fb3c078718828263	2024-09-03 03:33:28.801133
506	Robin Gillespie	simsjessica@example.com	550.447.4579x54422	0551 Faulkner Terrace, Lynchshire, CT 52340	1986-06-28	2e83a56186ab67435bf229b32403fe92dd97553e51c0b8b0ea2d32a484445f47	2024-09-03 03:33:28.801133
507	Jennifer Cohen	skramer@example.org	477.362.2358x36602	92397 Waller Crossing, West Brandontown, IN 62926	1960-05-26	682939a0b3a0d5f34c59e8f87be9fdb34a23ed9512f5dd20fe7abfa95d388926	2024-09-03 03:33:28.801133
508	Miranda Collins	rachel54@example.com	(204)509-0170x20946	528 Brittany Springs, Jonathanton, PR 69850	1981-06-02	81172a3d617a978a79654fd930b52e256791a3b2ebef871231abf9a523c152d7	2024-09-03 03:33:28.801133
509	Mr. Victor Jackson	kalexander@example.com	7838425760	965 Scott Villages Apt. 469, Port Jamesside, FL 55671	1944-01-31	b587477ab1130e3bbbc7dbc70392ccc06ba077ec0c4136941daa8a436b673fce	2024-09-03 03:33:28.801133
510	Richard Smith	erintorres@example.org	+1-514-901-6953x551	3364 Hill Dam Suite 127, Murphyhaven, CA 62986	1992-07-26	6128558abf6377f0ba51e74d4fce34b0289f20542b33a0d3e10ca9bc738aeb55	2024-09-03 03:33:28.801133
511	Joseph Rhodes	gary86@example.com	+1-950-395-6622x6628	396 Anthony Rapid Suite 737, West Scott, NC 41138	1977-08-28	1d43e193a6d5447e7d448b9811ef0a45dff3a8c9f1687b7d3a556883cab29a5d	2024-09-03 03:33:28.801133
512	Aaron Williams	kennethgordon@example.org	(297)458-1263x98528	494 Walters Mill, Duncanshire, VA 98601	1958-04-23	1611d1f89a4db2f7b32612a0046976303641f4fb7c6bd8c82f3b187ab4e12777	2024-09-03 03:33:28.801133
513	Trevor Walker	melissa43@example.com	001-827-445-6020x0657	478 Hernandez Station Suite 623, South Ashleyfort, MP 82654	1952-07-09	ecd4e1f0678cae8204d2e7abaa2f5647f68a2e9ff0614a2e1433d1a307bba648	2024-09-03 03:33:28.801133
514	Kimberly Lopez	smithryan@example.org	001-577-243-4567	84649 Williams Falls, North Karen, SD 54017	1948-02-04	6a35da76aa4d7ba20b5735ae5f9d86bd2473bf506379ba3c519baaf49d92ce6a	2024-09-03 03:33:28.801133
515	Lisa Davis	bryanmatthew@example.net	001-933-643-1915x57108	300 Richard Shoal, Port Monicachester, MI 91375	1946-04-07	4c70a8971837e8292fa5dbbf504ec42c6160c20225d2c85e25b2245de307295b	2024-09-03 03:33:28.801133
516	Stephanie Conrad	zfoster@example.net	(931)693-3123x2033	7878 Myers Rue, Port Keithchester, NV 77395	1949-12-21	8cd317fd35722b58f2534e931dcfda2379def3f126bf4ba8f6555b78ecab7bf6	2024-09-03 03:33:28.801133
517	Tracy Santana	zfuentes@example.net	+1-369-565-2840	964 Hill Village, Taylorstad, DE 75862	2005-08-30	1372930b9a7e0941e31d3750becd73adc060b24d83e0b5ad7e796fd74ede2220	2024-09-03 03:33:28.801133
518	Jo Sanchez	ronaldsheppard@example.com	+1-627-530-0141x2550	49669 Nicole Tunnel Apt. 180, East Ricky, IA 68595	1980-06-01	c1fd7e581355a4a9444dd46ee63d5741b8aadb290d647602242a5037d7786398	2024-09-03 03:33:28.801133
519	Joseph White	brittanymeyer@example.net	001-613-689-9872	5607 Joseph Via, Myersfurt, AL 10506	1971-02-17	3e3b15add5a6c9e4328097a8b110f96a0cef80bd272dce5edb89e63c4e11d068	2024-09-03 03:33:28.801133
520	Amber Foley	nlopez@example.com	636-472-8189x26852	18383 Murphy Views, Heathertown, WI 83564	1991-07-04	7ee7b6794f2a66edbf2f23f21c75d80b4700bfefffaf8e79a298b9cc6dfa62a0	2024-09-03 03:33:28.801133
521	Stacy Zamora	toddleach@example.org	001-292-843-0539x299	USNS Smith, FPO AP 46089	2005-01-14	8a0fa41a19b442fced94cb3c2d10be8493fa2ef1392189a862c1da65b815b9f2	2024-09-03 03:33:28.801133
522	Jill Fitzgerald	cookchristian@example.net	(315)680-1151x78828	7204 Steven Lodge, South Shelia, NJ 68926	1970-01-27	13ebbd8f6603122154a50439be7e65b8e5eefba57d842346d5499df6c9f6b5b5	2024-09-03 03:33:28.801133
523	Matthew Gilbert	jesse10@example.com	001-288-418-0419x171	53232 William Burgs, New Mary, DE 55980	1960-02-06	d3645216d7820726ba56ca0db20bad43c0624d0dd822034dd499395a8c80ad4a	2024-09-03 03:33:28.801133
524	Jill Smith	gonzalezluis@example.com	599.713.1178x6401	830 Rodgers Trail Suite 127, South Stephanie, NM 42630	1963-10-10	e35ab9ed7156e00489f8b4490faecb5abbf166dbef7b3d86a7f86424d93f50e1	2024-09-03 03:33:28.801133
525	April Ruiz	jamesarnold@example.org	313.255.7920x64677	825 Bond Key Suite 913, East Tara, UT 19645	2004-03-11	4188b4592edb226eab4b3bfdece138aef8fa26f73095108e936a40723335d4a3	2024-09-03 03:33:28.801133
526	Joseph Mendez	matthew98@example.net	2767836126	259 Arnold Terrace, Rodriguezbury, VA 48871	1985-05-16	1f9dd06e2077cb4992f1bf06fedd7aea028c609252009d66b2b6b1a7589c14fa	2024-09-03 03:33:28.801133
527	Jason Johnson	jamesjulia@example.org	+1-930-819-6867	7327 Todd Trail Apt. 038, Port Shannon, KY 98842	1979-09-23	f1c1ea95a0c7727b17058ff00b3655c81be9b19bcc6aac48b0db6d42ab0fe9ed	2024-09-03 03:33:28.801133
528	Marc Galloway	christophermathews@example.com	723.548.7778x74540	668 Tamara Viaduct, Joseside, ME 84876	1945-06-06	438ea55581226deb9cf06eba5cf0e3c31376b57e04bb4253de4e89c01f8531f7	2024-09-03 03:33:28.801133
529	Abigail Walker	shelleybrooks@example.net	(999)883-8444x2788	752 Ruth Rest, Ortizstad, AR 37277	1949-08-29	a539c5ec27637f992c8b320d10e97fd7c246f57feb0dd0757a9c8b3eec912c0e	2024-09-03 03:33:28.801133
531	Jessica Martin	bthompson@example.org	465-266-7514	642 Anderson Drive Suite 129, Catherineshire, AL 15875	1982-07-09	1a162bd10e10ad437378d0dce977cf75fdeafa6d1a479d0893555ec0a7120b0a	2024-09-03 03:33:28.801133
532	Danielle Noble	lanejesse@example.org	390.265.0998	Unit 1387 Box 5263, DPO AA 40141	1946-06-17	954436bba1d6059abdf9a02436d40439648cacb2dfe57e8d0098a72fd0e9adb2	2024-09-03 03:33:28.801133
533	Mario Haney	sean38@example.org	910-421-8456x05918	01587 Nicole River, Lauramouth, CT 88414	1993-05-22	71149bbdc45b54e7759320e3a5a869b5cbd4e8665d1c852b763543af06ae9729	2024-09-03 03:33:28.801133
534	John Reed	msilva@example.org	366.800.9504x756	8579 Jackson Stravenue Apt. 997, Port Ricky, OR 78435	1946-07-01	3ef967af57a61f0712e897a617407f6ee6ae71162797706c6a9dce8421b46fcb	2024-09-03 03:33:28.801133
535	Jim Carter	kevin26@example.org	(650)362-6448	52385 Sara Canyon, Melendezside, NJ 71619	1993-03-25	2818a0ac66f0ac7ed653f2dd1afdea062c476174d7cb5f972e6ccaa16d77bdd7	2024-09-03 03:33:28.801133
536	Ashley Carney	john75@example.net	545-206-7257	92267 Stevenson Mountains Apt. 365, Gordonchester, DC 03036	1969-09-02	5ee58700a6083c4a6b1e796407f5e259f31baa5e8fa157cef0f74f4a873dec9a	2024-09-03 03:33:28.801133
537	Elizabeth Gonzalez	josephdonaldson@example.org	385-575-5875x6234	64493 George Crescent, West Kim, ME 54640	2004-10-17	b957018f3e694eaa84cf00bfe3304b2a2ffc0a394c8babe332c268696c4cd35e	2024-09-03 03:33:28.801133
538	Kathleen Wiley	maddoxjill@example.org	001-690-852-0624x42367	248 Rebecca Street, Medinafurt, KS 64715	1953-10-01	40e682422d42ee5efdedf74a18f6ed5a9bd5f4fe443efd82c3c21ce5b830b1a3	2024-09-03 03:33:28.801133
539	Megan Hernandez	smithrichard@example.org	001-402-813-2291x55658	7062 Kimberly Ports Suite 344, New Phillip, WI 97504	1949-08-22	4e3a3ddd2728ee543662f677612e55560bd13428ce7433db4796747c4be7a57c	2024-09-03 03:33:28.801133
540	Tiffany Garcia	patriciamoore@example.net	+1-974-221-1836x643	358 Davis Shoals Apt. 351, Underwoodburgh, VA 27328	1985-03-16	9c675b2387ad07f19c313f671b36135650fac7211c3b3b53536324194122a10d	2024-09-03 03:33:28.801133
541	Laura Valdez	dennis16@example.net	869-680-1999	728 Prince Inlet, Port Lancechester, RI 35889	2006-06-02	b898cd35f7d32c8f0cbe94ab3390515ad3fb04f58ac499da5e554cc71e7ab89b	2024-09-03 03:33:28.801133
542	Jason Hess	christophersanchez@example.com	6703154080	1647 Coleman Highway, West Jasonfurt, TX 03743	1960-01-22	6b9f3ac65ace4d4862f4e26725192e702c344e048d727b39ed5587fde49cface	2024-09-03 03:33:28.801133
543	Ashley Willis	mossbryan@example.com	344.977.1995	925 Hensley Points Apt. 294, Ashleyfort, VI 03075	1970-09-24	e8f9ad10e0e4d3295adb7eec78f0e78a8179b063edf94fe27b6f3462e2b109bc	2024-09-03 03:33:28.801133
544	Alexander Murray	davidphillips@example.net	2983399734	49382 Moss Island, Elliottfort, VT 54918	1987-08-26	5b0628a21b433525369ab7de10d46c35f5d8eea6d1ad434effde9b78e86535c3	2024-09-03 03:33:28.801133
545	Veronica Santos	mary80@example.net	(237)294-4371x4708	60837 Joseph Forks Apt. 951, Sanchezchester, IA 35416	1983-02-18	4d1ebd98d79d1433b67071d6ddf81be699b5611b5ae53e6725454d5664ab4dec	2024-09-03 03:33:28.801133
546	Lori Carter	bdennis@example.org	+1-644-690-9214x2496	98515 Brown Track, Patriciaport, HI 65779	1949-10-16	32bac1109b55fde76e5b396ba2f8f7d9e7a3493bb12077ebf967fecd4cd8e4b5	2024-09-03 03:33:28.801133
547	Jessica Gonzalez	nathansullivan@example.net	9368584484	086 Powell Drive Apt. 300, Pamelaside, DE 52712	1977-08-04	794cd973a4fee6388569d2bc8c01b8dea9f9bbbea7aa8d874bef2331692925ea	2024-09-03 03:33:28.801133
548	Maureen Byrd	alice15@example.net	+1-883-475-0822x81111	87063 Matthew Via, South William, WY 05815	2005-07-25	7a93de587b06b81228de7a037f4f976d811b39b6c3ca1feb6e462e70097d3e0e	2024-09-03 03:33:28.801133
549	Karen Velazquez	pacemelissa@example.net	001-514-724-5062	223 Johnson Overpass Apt. 368, North Martha, ND 60192	1956-05-27	476df4d651deef3bc1c27671129db63e8993f6975eb504a6fa1a844307f7e843	2024-09-03 03:33:28.801133
550	Daniel Vasquez	amyking@example.org	739.447.2098x510	531 Brian Drive Suite 975, North Alanstad, NY 61738	1968-04-09	c5c5f3e0e988eac913a7bd05bb218c445aa0415b4152dbf6305f54f5a6bff68a	2024-09-03 03:33:28.801133
551	Michele Miller	lewispeter@example.com	(821)785-6746x5759	82789 Lopez Bypass Suite 307, South Brandon, IA 77409	1980-08-14	a826106fdf71fa551d6c915f5b35a664067c8351853cd31330cfd406d0694358	2024-09-03 03:33:28.801133
552	Jeremiah Johnson	carterlaura@example.net	001-909-720-1548x60625	08546 Wallace Center Apt. 272, Marcville, NJ 90655	1991-06-05	34e235196a031e949767146bb27271b73fe698c7786fce5e5fab342e73306d52	2024-09-03 03:33:28.801133
553	Penny Perez	jacksondavid@example.org	(753)232-4475	8764 Tiffany Walks, Nunezhaven, WI 64253	1985-08-14	b710551c6c37ebf5449fda1b96828bdbfa7567fa273e09f18663627f1e54ed1f	2024-09-03 03:33:28.801133
554	Jason May	hshepherd@example.org	(714)710-0964	45639 Sherri Park, Melissaview, WV 80336	1984-12-05	9978b7c12a9bf64c5a2d8f0a39256586d7edb4d7624271f4da84c3e7d8926419	2024-09-03 03:33:28.801133
555	Carmen Jones	tcurry@example.net	001-912-912-0713x166	71451 Nelson Spur, New Clarence, FL 95669	1946-03-16	7592a8bccba8c853f6a59568478a35c91b3ffa1a17d436347eccb06b6a1f961e	2024-09-03 03:33:28.801133
556	Troy Bray	ashley37@example.org	001-797-682-9345x1049	41832 Caleb Pines, Sandersland, NC 71488	1992-03-02	84ff982a4c9840094256b71212b58d10d5be7f8bacd005dcc8481abdec36d8a2	2024-09-03 03:33:28.801133
557	Brian Nunez	kristinlewis@example.net	671.670.8913x683	48631 George Mountains Apt. 886, South Erichaven, MT 40611	1996-10-02	29b420f6b7403050fc39f64ed766a25ec95d2675726b9781c8390b4976e61262	2024-09-03 03:33:28.801133
558	Jamie Donovan	rebecca86@example.net	+1-836-603-4944x38763	79951 Olson Village Apt. 819, New Jamesville, ID 05827	1964-07-02	aa20279a9514871da53adfcf9ed8232309c6e303febaefecb7ead7f3c6766f61	2024-09-03 03:33:28.801133
559	Colleen Rivas	cristianpena@example.com	612.503.6740x59482	Unit 3363 Box 1686, DPO AA 11718	1994-04-24	1d0ca1663eb4665bd1ff202888753a9fbd2650a555cd0b83111084d1b9a83add	2024-09-03 03:33:28.801133
560	Jennifer Macdonald	logan54@example.org	306.691.4934	9920 Thomas Islands, West Tonyberg, GU 03764	1959-10-13	a29e19f4e5c1ff9a75ebb9c429b591e6fa509180c51430333378bdcdf5989c07	2024-09-03 03:33:28.801133
561	Evan Boyd	jessica65@example.com	001-657-390-7539x18880	01621 Sherri Crossroad, Toddtown, NV 20940	1960-05-04	0d06a8481f40c373359ea9d512d6785986c530fdb0520c623a09ae7ba570530a	2024-09-03 03:33:28.801133
562	Jesus Hill	patrick34@example.org	001-656-725-4108x70031	8962 Nguyen Hill, West Ravenview, AK 58589	1952-01-05	d73482bbc26fe1876d5b7150b7f5c263fe0eb4e22b33154025c30d0b00cd2ba9	2024-09-03 03:33:28.801133
563	Nathaniel Grimes	jordandennis@example.com	679.889.9856x027	05946 Walker Mountain, Port Ryan, WY 20559	1987-04-11	2e069423a057f898b9479efaaeaa513e471db2c847d06cc234397e683e0949ee	2024-09-03 03:33:28.801133
564	Bobby Simmons	hdavenport@example.net	(540)713-7523	1784 Matthew Shoals Suite 592, Port Gabriela, RI 72375	1954-04-05	71371fe57670c219dccea6e4652d240d5c97e1870f9a8b41ca91548b893ff070	2024-09-03 03:33:28.801133
565	Sabrina Hale	mramirez@example.com	+1-432-828-7291x2046	438 Baker Burg, North Michaelview, UT 74746	1959-07-14	fad589354275165c1c417745814e46bcb4653fbe4cf1549b2b6c80a56549cc2e	2024-09-03 03:33:28.801133
566	Linda Farmer MD	sandrapatrick@example.com	6279604355	0750 Coleman Island, East Brian, CO 23350	1979-04-26	cf6c0bea33c658f9e3fcac6ac542af4a9485f07b7af1ce7d1003dad17061d292	2024-09-03 03:33:28.801133
567	Ashley Dodson	taylorfitzgerald@example.org	(384)262-9424x74023	083 Hernandez Burgs, West Sherri, OH 52517	1965-01-20	099cdfd0c8f92fc4faafbb160b0e93dcff50434cdf457ab68ad7f077b9f0802f	2024-09-03 03:33:28.801133
568	Kenneth Monroe	davidpugh@example.net	893-597-6934x8406	874 Hernandez Fort, Brandonfort, PA 56736	1951-06-16	401b0de16bc34e8058cb25d6a6589e24f674d7e2e0aadb3402f1cf34255cca0f	2024-09-03 03:33:28.801133
569	Kevin Jones	dianadiaz@example.net	+1-662-929-0883x0370	37853 Kevin Track, South Kevin, AR 96979	1963-03-16	93371db8d14d2d168719ff419f2395e95b31fcc2cd22d333d240d1a6157d079e	2024-09-03 03:33:28.801133
570	George Shaw	uking@example.com	505.745.8972x701	532 Jones Loop Apt. 215, Colemanside, MD 98227	1969-02-23	4cd8e9844e7f0edf679693db7f36f16c1c588791bd0f85103702c0c815154b77	2024-09-03 03:33:28.801133
571	Brianna Young	greendaniel@example.net	(212)200-7387x2791	Unit 8942 Box 1704, DPO AP 84935	1994-08-28	1b38f310c358c61d036ba68b8c58aed8e8fa42503bec27ad86619a2573f44e9b	2024-09-03 03:33:28.801133
572	Paul Bray	richardssheryl@example.org	759-988-2019	672 Amanda Ports Suite 336, Lake Chasebury, IA 70833	1994-03-07	49fbba4fd2e0822b5b4c6a4ba79d6e0a490b03b09632d923b49d6c0a3988df36	2024-09-03 03:33:28.801133
573	Beth Johnson	ashley49@example.org	(530)382-8467	9347 Castro Neck Apt. 188, West Thomas, VA 61701	1965-04-19	d5598a1a99dd940f4e1619f1aba4a71210dcfbdd8ee549457f7c03c9895306c1	2024-09-03 03:33:28.801133
574	Xavier Kennedy	sally01@example.net	(517)515-6410x6994	78756 Moore Village Apt. 798, Lake Andrew, TX 57995	1956-08-27	3a631af59422ce783ef0318bf4b8e461a3f9644386ae7aaefcf96419b3c8f865	2024-09-03 03:33:28.801133
575	Aimee Davis	santanajordan@example.com	(826)614-5111x8408	6118 Davis Camp, Reneeport, DC 56679	1948-06-17	553af34cf04bfd8909b1df02a01bfe1326eb78d7e1be41a76a0ce2150e5fe99b	2024-09-03 03:33:28.801133
576	Sarah Martinez	loriwang@example.net	4728556364	7335 Denise Forge, Lake Amandaview, VT 62862	1949-03-03	15de5fbcf92e79c390695a051e6a58b5f0097955277cd6f53dd8320164ca2f58	2024-09-03 03:33:28.801133
577	Jill Burns	shortcaitlin@example.org	5656461856	6078 Bright Coves, Port Dylanbury, MI 57843	1963-06-29	24a97b938252827c8143e9a68f363ab60aff4d1c50903865c0d10d55a0316e8d	2024-09-03 03:33:28.801133
578	James Williams	ccortez@example.com	2163119101	USS Smith, FPO AP 04696	1977-06-02	5c419a50af313eb8096a058ac55b8b863ed5dfb544ced07fc3e47cc146fdb897	2024-09-03 03:33:28.801133
579	Jared Alvarado	yolanda72@example.com	273.680.5730	028 Jason Oval Suite 671, North Rachel, CT 27846	1990-07-07	706320fecdf13ac516b4e4271cdbf57e77e8980e95485a156b76470a2fba446d	2024-09-03 03:33:28.801133
580	Michael Curry	austin24@example.net	001-497-741-8196x8987	29070 Estes Crescent Suite 533, Melaniebury, VT 43486	1972-11-04	fbf6bf256774dc8878706915ed63e83e9d716426d684619c3fd2eedbfa512144	2024-09-03 03:33:28.801133
581	William Walker	heidi87@example.net	860.743.7232x75323	645 Justin Shores Apt. 233, East Charles, ID 66624	1964-07-09	3206f461a6511660bc68cc26ad53c335c75b0fcdad6f38611db323d2fc75b326	2024-09-03 03:33:28.801133
582	Paul Hunter	sreynolds@example.net	945.991.4837x6537	7064 Brown Trail, Sharpborough, WY 56155	1978-08-26	7b3027a490b1d1ce59b0f02b5a4fffdd188816de8aee21e9b2a101f5657bf94c	2024-09-03 03:33:28.801133
583	Adam Evans	johnsonthomas@example.net	(527)705-3050x65381	2733 Cantu Plaza, South Tonyaview, VT 41058	1981-05-29	2e6a2caf13d3da28c50856a825fc68cab2813c5d26a46d4bfa5edc41e893b765	2024-09-03 03:33:28.801133
584	Nicholas Richardson	vperry@example.net	(953)634-6043x570	USCGC Rose, FPO AA 79396	2003-10-15	fd0d27c61ee69c60380bf4d6e5bcdc6abdb86ea6e4884a3b08f1710b9fefc85d	2024-09-03 03:33:28.801133
585	Russell Wagner	jennifer81@example.org	4883682143	8201 Aguilar Keys, West Larry, TX 58436	1983-06-30	5f3c45d4249190a2fb6fc70eaf632d28c0c7690d176c8afca3e8936da3451cd5	2024-09-03 03:33:28.801133
586	David Harris	wthompson@example.net	937.211.4149x571	PSC 4565, Box 6148, APO AP 09050	1989-06-02	28bc1cc1dd1ff36caa1b9bf060b8e0a2d39a5abf315a43fae2d5a3bef60cd232	2024-09-03 03:33:28.801133
587	Timothy Taylor	robertsonmatthew@example.com	587-607-9972x59399	229 Watts Junction, New Kristi, NJ 23407	1944-09-18	c7e31cbf352db2c3ac9979f84b2396807770479dabba322d14285897cb5be7dd	2024-09-03 03:33:28.801133
588	Robert Stewart	hardinglogan@example.net	867.423.7702x99252	964 Mackenzie Field Apt. 666, Lake Gabrielside, OH 51655	1971-11-22	f82e07d0a37dc07bc568cb42a523a5c1c0082f43f82799162be484663807dfb0	2024-09-03 03:33:28.801133
589	Katherine Stephenson	charles00@example.com	849.578.9346x9924	535 Gonzales Harbors Suite 312, South Tracy, OH 44073	1977-10-23	2636654b296678cef64cce282bbd388bf8aa5654c0283acad8d00eec9f2c22e1	2024-09-03 03:33:28.801133
590	Teresa Bishop	mchavez@example.org	253.641.7832	801 Jennifer Field, Claudiamouth, FL 36113	1974-06-17	4c258ce6b36352d967de09a389d0c692ab01cb3af865235729fbea5426958a98	2024-09-03 03:33:28.801133
591	Karen Wallace	nathanielwalker@example.org	(308)529-3925x3081	868 Morris Brooks Suite 322, Lake Alexander, MS 81955	2005-05-13	414a1e9d3fe63bcb0adba96da6d54e19389476405d32dce428d5dcfae9d835b4	2024-09-03 03:33:28.801133
592	Cristina Hudson	wesleythompson@example.com	7703099180	163 Long Neck Suite 579, Angelamouth, AL 04651	1947-04-23	7a56f7bf717a183d4789ed1dd9501f88fdb7e1cc46d7717541925b5efd15a2d2	2024-09-03 03:33:28.801133
593	Matthew Fletcher	fullerlori@example.com	334.729.6993x4718	90841 Rachel Island, Penaside, WA 40259	1945-08-23	96fb341a25058b1da8be54d141c824a99efe104bab2451920908bb8e8d9c77e2	2024-09-03 03:33:28.801133
594	Tony Henry	kelleysarah@example.com	001-538-628-5047x13769	63847 Anna Burgs Apt. 400, West Danielle, MI 48923	1943-10-01	5ea77f3491d926e6a9e23fa5e3df676b70ad296b79444d871df123b7dd2607a4	2024-09-03 03:33:28.801133
595	Kristen Sanchez	rnunez@example.com	557.342.5029	68341 Mcconnell Spring, Staciebury, WV 23410	1966-09-14	3a06a4ed7076f820c43b48b3fc4bd2e837d00c1ebcefea03723bf8f54eac1723	2024-09-03 03:33:28.801133
596	Jerome Bennett	johnsonkathleen@example.org	+1-946-483-0985x5844	PSC 1632, Box 7153, APO AE 46703	1995-11-30	019c45f56928ea4555657010cdb6ce095251ff55f324884a87a36df18bb63d9d	2024-09-03 03:33:28.801133
597	Sabrina Riley	glenn50@example.org	+1-717-627-5497x0100	884 Anderson Knoll Apt. 923, Hollowayberg, SD 50332	1966-01-25	852f0486115a75fe46d76b43ca37817caeeba69fb6fcc418e74b00876c5034c7	2024-09-03 03:33:28.801133
598	Justin Gibson	donna04@example.com	+1-626-616-5408x795	82078 Reeves Pine, Bethbury, KY 75183	1988-12-14	ddfc001ccd083207296f156c0af73ba04fb9594fbf883cc5e3f2cc70a9880b15	2024-09-03 03:33:28.801133
599	Rebekah Brandt	gzamora@example.com	(446)612-5267	Unit 0544 Box 2704, DPO AA 22891	1971-01-21	3686d43117c4e7b00a9dba510030b6e9ee135a3df655b6aac7ec3fe3fe337cbe	2024-09-03 03:33:28.801133
600	Keith Reid	jkline@example.org	+1-302-246-8932x40626	3286 Hamilton Mount Suite 239, Turnerbury, WI 83062	1996-03-17	d0bd4e0581fe1100dbb05adbb33208597e28aeeeced9818080f849000554a01d	2024-09-03 03:33:28.801133
601	Frank Vang	xbowman@example.org	(302)725-2280x622	575 Taylor Spur Suite 263, Carriehaven, IN 66414	1993-07-29	2c3f8ac078d69576449eb02b21ac68c5eb006b00282df37098deeec6e64aae6d	2024-09-03 03:33:28.801133
602	Paul Hoffman	crystalvalenzuela@example.org	(343)545-9367x9835	USNV Morales, FPO AA 91263	1969-04-23	f95b03a130395203545df4525f6838ab4ae196eb6dc3ba79b945dc2b1429e6a1	2024-09-03 03:33:28.801133
\.


--
-- Name: accounts_accountid_seq; Type: SEQUENCE SET; Schema: public; Owner: -
--

SELECT pg_catalog.setval('public.accounts_accountid_seq', 745, true);


--
-- Name: accounttypes_accounttypeid_seq; Type: SEQUENCE SET; Schema: public; Owner: -
--

SELECT pg_catalog.setval('public.accounttypes_accounttypeid_seq', 2, true);


--
-- Name: auditlogs_logid_seq; Type: SEQUENCE SET; Schema: public; Owner: -
--

SELECT pg_catalog.setval('public.auditlogs_logid_seq', 918, true);


--
-- Name: transactions_transactionid_seq; Type: SEQUENCE SET; Schema: public; Owner: -
--

SELECT pg_catalog.setval('public.transactions_transactionid_seq', 1875, true);


--
-- Name: userroleassignments_assignmentid_seq; Type: SEQUENCE SET; Schema: public; Owner: -
--

SELECT pg_catalog.setval('public.userroleassignments_assignmentid_seq', 100, true);


--
-- Name: userroles_roleid_seq; Type: SEQUENCE SET; Schema: public; Owner: -
--

SELECT pg_catalog.setval('public.userroles_roleid_seq', 4, true);


--
-- Name: users_userid_seq; Type: SEQUENCE SET; Schema: public; Owner: -
--

SELECT pg_catalog.setval('public.users_userid_seq', 602, true);


--
-- Name: accounts accounts_pkey; Type: CONSTRAINT; Schema: public; Owner: -
--

ALTER TABLE ONLY public.accounts
    ADD CONSTRAINT accounts_pkey PRIMARY KEY (accountid);


--
-- Name: accounttypes accounttypes_pkey; Type: CONSTRAINT; Schema: public; Owner: -
--

ALTER TABLE ONLY public.accounttypes
    ADD CONSTRAINT accounttypes_pkey PRIMARY KEY (accounttypeid);


--
-- Name: auditlogs auditlogs_pkey; Type: CONSTRAINT; Schema: public; Owner: -
--

ALTER TABLE ONLY public.auditlogs
    ADD CONSTRAINT auditlogs_pkey PRIMARY KEY (logid);


--
-- Name: transactions transactions_pkey; Type: CONSTRAINT; Schema: public; Owner: -
--

ALTER TABLE ONLY public.transactions
    ADD CONSTRAINT transactions_pkey PRIMARY KEY (transactionid);


--
-- Name: userroleassignments userroleassignments_pkey; Type: CONSTRAINT; Schema: public; Owner: -
--

ALTER TABLE ONLY public.userroleassignments
    ADD CONSTRAINT userroleassignments_pkey PRIMARY KEY (assignmentid);


--
-- Name: userroles userroles_pkey; Type: CONSTRAINT; Schema: public; Owner: -
--

ALTER TABLE ONLY public.userroles
    ADD CONSTRAINT userroles_pkey PRIMARY KEY (roleid);


--
-- Name: users users_email_key; Type: CONSTRAINT; Schema: public; Owner: -
--

ALTER TABLE ONLY public.users
    ADD CONSTRAINT users_email_key UNIQUE (email);


--
-- Name: users users_pkey; Type: CONSTRAINT; Schema: public; Owner: -
--

ALTER TABLE ONLY public.users
    ADD CONSTRAINT users_pkey PRIMARY KEY (userid);


--
-- Name: idx_account_user; Type: INDEX; Schema: public; Owner: -
--

CREATE INDEX idx_account_user ON public.accounts USING btree (userid);


--
-- Name: idx_transaction_account; Type: INDEX; Schema: public; Owner: -
--

CREATE INDEX idx_transaction_account ON public.transactions USING btree (accountid);


--
-- Name: idx_user_email; Type: INDEX; Schema: public; Owner: -
--

CREATE INDEX idx_user_email ON public.users USING btree (email);


--
-- Name: accounts accounts_accounttypeid_fkey; Type: FK CONSTRAINT; Schema: public; Owner: -
--

ALTER TABLE ONLY public.accounts
    ADD CONSTRAINT accounts_accounttypeid_fkey FOREIGN KEY (accounttypeid) REFERENCES public.accounttypes(accounttypeid);


--
-- Name: accounts accounts_userid_fkey; Type: FK CONSTRAINT; Schema: public; Owner: -
--

ALTER TABLE ONLY public.accounts
    ADD CONSTRAINT accounts_userid_fkey FOREIGN KEY (userid) REFERENCES public.users(userid);


--
-- Name: auditlogs auditlogs_userid_fkey; Type: FK CONSTRAINT; Schema: public; Owner: -
--

ALTER TABLE ONLY public.auditlogs
    ADD CONSTRAINT auditlogs_userid_fkey FOREIGN KEY (userid) REFERENCES public.users(userid);


--
-- Name: transactions transactions_accountid_fkey; Type: FK CONSTRAINT; Schema: public; Owner: -
--

ALTER TABLE ONLY public.transactions
    ADD CONSTRAINT transactions_accountid_fkey FOREIGN KEY (accountid) REFERENCES public.accounts(accountid);


--
-- Name: userroleassignments userroleassignments_roleid_fkey; Type: FK CONSTRAINT; Schema: public; Owner: -
--

ALTER TABLE ONLY public.userroleassignments
    ADD CONSTRAINT userroleassignments_roleid_fkey FOREIGN KEY (roleid) REFERENCES public.userroles(roleid);


--
-- Name: userroleassignments userroleassignments_userid_fkey; Type: FK CONSTRAINT; Schema: public; Owner: -
--

ALTER TABLE ONLY public.userroleassignments
    ADD CONSTRAINT userroleassignments_userid_fkey FOREIGN KEY (userid) REFERENCES public.users(userid);


--
-- Name: SCHEMA public; Type: ACL; Schema: -; Owner: -
--

GRANT ALL ON SCHEMA public TO cloudsqlsuperuser;


--
-- Name: FUNCTION pg_replication_origin_advance(text, pg_lsn); Type: ACL; Schema: pg_catalog; Owner: -
--

GRANT ALL ON FUNCTION pg_catalog.pg_replication_origin_advance(text, pg_lsn) TO cloudsqlsuperuser;


--
-- Name: FUNCTION pg_replication_origin_create(text); Type: ACL; Schema: pg_catalog; Owner: -
--

GRANT ALL ON FUNCTION pg_catalog.pg_replication_origin_create(text) TO cloudsqlsuperuser;


--
-- Name: FUNCTION pg_replication_origin_drop(text); Type: ACL; Schema: pg_catalog; Owner: -
--

GRANT ALL ON FUNCTION pg_catalog.pg_replication_origin_drop(text) TO cloudsqlsuperuser;


--
-- Name: FUNCTION pg_replication_origin_oid(text); Type: ACL; Schema: pg_catalog; Owner: -
--

GRANT ALL ON FUNCTION pg_catalog.pg_replication_origin_oid(text) TO cloudsqlsuperuser;


--
-- Name: FUNCTION pg_replication_origin_progress(text, boolean); Type: ACL; Schema: pg_catalog; Owner: -
--

GRANT ALL ON FUNCTION pg_catalog.pg_replication_origin_progress(text, boolean) TO cloudsqlsuperuser;


--
-- Name: FUNCTION pg_replication_origin_session_is_setup(); Type: ACL; Schema: pg_catalog; Owner: -
--

GRANT ALL ON FUNCTION pg_catalog.pg_replication_origin_session_is_setup() TO cloudsqlsuperuser;


--
-- Name: FUNCTION pg_replication_origin_session_progress(boolean); Type: ACL; Schema: pg_catalog; Owner: -
--

GRANT ALL ON FUNCTION pg_catalog.pg_replication_origin_session_progress(boolean) TO cloudsqlsuperuser;


--
-- Name: FUNCTION pg_replication_origin_session_reset(); Type: ACL; Schema: pg_catalog; Owner: -
--

GRANT ALL ON FUNCTION pg_catalog.pg_replication_origin_session_reset() TO cloudsqlsuperuser;


--
-- Name: FUNCTION pg_replication_origin_session_setup(text); Type: ACL; Schema: pg_catalog; Owner: -
--

GRANT ALL ON FUNCTION pg_catalog.pg_replication_origin_session_setup(text) TO cloudsqlsuperuser;


--
-- Name: FUNCTION pg_replication_origin_xact_reset(); Type: ACL; Schema: pg_catalog; Owner: -
--

GRANT ALL ON FUNCTION pg_catalog.pg_replication_origin_xact_reset() TO cloudsqlsuperuser;


--
-- Name: FUNCTION pg_replication_origin_xact_setup(pg_lsn, timestamp with time zone); Type: ACL; Schema: pg_catalog; Owner: -
--

GRANT ALL ON FUNCTION pg_catalog.pg_replication_origin_xact_setup(pg_lsn, timestamp with time zone) TO cloudsqlsuperuser;


--
-- Name: FUNCTION pg_show_replication_origin_status(OUT local_id oid, OUT external_id text, OUT remote_lsn pg_lsn, OUT local_lsn pg_lsn); Type: ACL; Schema: pg_catalog; Owner: -
--

GRANT ALL ON FUNCTION pg_catalog.pg_show_replication_origin_status(OUT local_id oid, OUT external_id text, OUT remote_lsn pg_lsn, OUT local_lsn pg_lsn) TO cloudsqlsuperuser;


--
-- PostgreSQL database dump complete
--

